,healthScore,cat_1,cat_2,cat_3,cat_5,cat_6,cat_7,cat_8,cat_9,cat_10,cat_12,cat_13,cat_14,googleRating,typeOfFacility_GROCERY STORE 0 TO 15000 SQ FT,typeOfFacility_GROCERY STORE W DELI 0 TO 15000 SQ FT,typeOfFacility_GROCERY STORE W DELI MORE THAN 15000 SQ FT,typeOfFacility_LIMITED FOOD SERVICE CONVENIENCE OTHER,typeOfFacility_MOBILE UNIT FULL FOOD SERVICE,typeOfFacility_NO FEE LICENSE K12 SCHOOLS NON PROFIT,typeOfFacility_RESTAURANT 0 TO 100 SEATS,typeOfFacility_RESTAURANT 101 TO 200 SEATS,typeOfFacility_RESTAURANT MORE THAN 200 SEATS,categoryOfFacility_BARS FRATERNAL ORGANIZATIONS,categoryOfFacility_FAST FOOD LIMITED MENU,categoryOfFacility_FULL MENU LIMITED SERVICE,categoryOfFacility_FULL SERVICE FULL MENU,categoryOfFacility_MOBILE UNITS,categoryOfFacility_RETAIL COMMISSARY
0,4,1,0,0,1,2,0,0,0,0,1,0,0,High,0,0,0,0,0,0,1,0,0,1,0,0,0,0,0
1,5,1,2,1,2,1,0,0,3,1,0,0,1,High,0,0,0,0,0,0,1,0,0,0,0,1,0,0,0
2,5,0,2,2,1,0,0,1,0,0,0,0,0,Low,0,0,0,0,0,0,1,0,0,0,1,0,0,0,0
3,3,1,2,2,1,0,0,0,1,1,1,2,0,High,0,0,0,0,0,0,1,0,0,0,0,0,1,0,0
4,5,1,1,0,2,1,0,0,0,0,1,0,0,Low,0,0,0,0,0,0,1,0,0,0,0,0,1,0,0
5,3,3,1,2,1,0,0,0,0,0,0,0,0,High,0,0,0,0,0,0,1,0,0,0,1,0,0,0,0
6,5,0,0,0,0,0,0,1,0,0,0,0,0,High,0,0,0,0,0,0,1,0,0,0,0,1,0,0,0
7,4,1,3,1,1,2,1,0,2,0,1,0,0,Low,0,0,0,0,0,0,1,0,0,0,1,0,0,0,0
8,4,0,4,2,1,0,0,1,0,0,1,0,0,Low,0,0,0,0,0,0,1,0,0,0,1,0,0,0,0
9,5,0,1,1,1,1,0,2,1,0,1,1,0,Low,0,0,0,0,0,0,1,0,0,0,1,0,0,0,0
10,5,0,1,0,1,1,0,1,0,1,0,0,1,Low,0,0,0,0,0,0,1,0,0,0,1,0,0,0,0
11,5,0,1,0,1,1,0,0,0,0,0,0,0,Low,0,0,0,0,0,0,1,0,0,0,1,0,0,0,0
12,4,1,0,2,2,0,0,0,0,0,1,1,0,Low,0,0,0,0,0,0,0,1,0,0,0,0,1,0,0
13,3,0,3,2,1,1,0,1,2,1,1,1,2,High,0,0,0,0,0,0,1,0,0,0,0,0,1,0,0
14,5,1,0,0,0,1,0,0,0,0,0,0,0,Low,0,0,0,0,0,0,1,0,0,0,0,0,1,0,0
15,4,1,1,3,1,1,0,1,1,0,1,1,0,Low,0,0,0,0,0,0,0,1,0,0,0,0,1,0,0
16,5,0,1,0,3,1,0,0,0,0,1,0,0,Low,0,0,0,0,0,0,1,0,0,0,1,0,0,0,0
17,4,1,1,0,0,0,0,1,0,0,1,0,0,Low,0,0,0,0,0,0,1,0,0,0,0,0,1,0,0
18,4,1,3,2,0,0,0,3,1,0,1,0,0,Low,0,0,0,0,0,0,1,0,0,0,1,0,0,0,0
19,3,1,3,3,0,0,0,0,1,1,2,1,0,High,0,0,0,0,0,0,0,1,0,0,0,0,1,0,0
20,4,0,0,2,0,1,0,0,0,0,0,0,1,Low,0,0,0,0,0,0,1,0,0,0,0,0,1,0,0
21,3,2,2,2,1,0,0,0,1,0,2,0,0,Low,0,0,0,0,0,0,0,0,1,0,0,0,1,0,0
22,4,1,0,1,1,0,0,0,1,0,0,0,0,Low,0,0,0,0,0,0,0,1,0,0,0,0,1,0,0
23,4,3,1,0,2,3,0,1,1,0,0,0,0,Low,0,0,0,0,0,0,0,1,0,0,0,0,1,0,0
24,4,1,0,1,1,2,1,1,1,1,1,0,1,Low,0,0,0,1,0,0,0,0,0,0,1,0,0,0,0
25,4,2,2,1,1,1,1,1,2,0,2,2,3,Low,0,0,0,0,0,0,1,0,0,0,1,0,0,0,0
26,4,2,1,2,1,0,0,1,0,0,0,0,0,High,0,0,0,0,0,0,0,1,0,0,0,0,1,0,0
27,4,1,1,1,1,1,0,0,2,0,1,1,1,Low,0,0,0,0,0,0,0,1,0,0,0,0,1,0,0
28,4,1,1,1,0,1,0,0,0,0,0,0,0,High,0,0,0,0,0,0,0,0,1,0,0,0,1,0,0
29,3,1,2,2,0,1,1,0,1,0,1,0,1,Low,0,0,0,0,0,0,1,0,0,0,1,0,0,0,0
30,4,1,3,2,1,1,0,3,0,1,0,0,1,High,0,0,0,0,0,0,1,0,0,0,0,1,0,0,0
31,4,0,1,2,0,0,1,1,0,0,0,0,0,Low,0,0,0,0,0,0,1,0,0,0,0,1,0,0,0
32,5,1,1,0,1,0,0,1,1,1,0,0,0,Low,0,0,0,0,0,0,1,0,0,0,1,0,0,0,0
33,5,0,3,0,1,0,1,0,1,1,0,0,0,High,0,0,0,0,0,0,0,1,0,0,0,0,1,0,0
34,5,0,1,1,2,2,0,0,0,0,0,0,0,Low,0,0,0,0,0,0,1,0,0,0,1,0,0,0,0
35,5,0,2,0,2,0,0,0,0,0,0,0,1,Low,0,0,0,0,0,0,1,0,0,0,1,0,0,0,0
36,5,0,1,0,0,0,0,0,0,0,0,0,0,Low,0,0,0,0,0,0,1,0,0,0,1,0,0,0,0
37,5,0,1,1,1,1,1,1,1,1,0,0,1,Low,0,0,0,0,0,0,1,0,0,0,1,0,0,0,0
38,5,0,0,0,0,1,0,0,0,0,0,0,0,Low,0,0,0,0,0,0,1,0,0,0,1,0,0,0,0
39,4,1,1,1,0,0,1,0,0,0,1,0,0,Low,0,0,0,0,0,0,1,0,0,0,1,0,0,0,0
40,4,0,2,1,0,0,1,2,1,0,0,1,0,High,0,0,0,1,0,0,0,0,0,0,1,0,0,0,0
41,5,0,0,0,1,1,1,0,1,0,0,0,0,Low,0,0,0,0,0,0,1,0,0,1,0,0,0,0,0
42,4,1,0,1,1,0,0,1,0,0,0,0,0,Low,0,0,0,0,0,0,1,0,0,0,0,1,0,0,0
43,4,1,2,1,1,1,0,2,1,1,0,1,0,High,0,0,0,0,0,0,1,0,0,0,0,0,1,0,0
44,4,0,0,2,1,0,0,0,1,0,0,0,0,Low,0,0,0,1,0,0,0,0,0,0,1,0,0,0,0
45,4,3,2,0,0,0,0,1,0,0,0,0,0,Low,0,0,0,0,0,0,0,1,0,0,0,0,1,0,0
46,5,0,2,1,1,1,0,0,1,1,0,1,2,Low,0,0,0,0,0,0,1,0,0,0,0,0,1,0,0
47,2,2,2,2,1,0,0,1,2,1,1,1,1,High,0,0,0,0,0,0,1,0,0,0,0,0,1,0,0
48,5,1,3,2,1,3,1,1,0,0,1,0,1,Low,0,0,0,0,0,0,1,0,0,0,1,0,0,0,0
49,5,0,1,1,0,1,0,0,0,0,0,0,0,High,0,0,0,0,0,0,1,0,0,0,1,0,0,0,0
50,4,1,3,2,1,0,0,1,0,0,2,0,0,Low,0,0,0,0,0,0,0,1,0,0,0,1,0,0,0
51,4,0,1,1,0,1,0,1,1,0,1,0,0,Low,0,0,0,0,0,0,1,0,0,0,0,0,1,0,0
52,5,0,2,2,1,1,0,0,1,0,1,0,1,Low,0,0,0,0,0,0,1,0,0,0,0,0,0,0,1
53,4,2,2,1,1,0,0,2,1,1,0,1,0,Low,0,0,0,0,0,0,1,0,0,0,1,0,0,0,0
54,3,3,3,0,2,1,1,1,1,1,1,1,1,Low,0,0,0,0,0,0,0,1,0,0,0,0,1,0,0
55,4,0,2,1,0,1,0,0,0,0,1,0,0,Low,0,0,0,0,0,0,1,0,0,0,0,0,1,0,0
56,3,0,2,1,0,1,0,2,0,0,0,0,0,Low,0,0,0,0,0,0,0,1,0,0,0,0,1,0,0
57,2,3,3,4,1,3,0,1,3,1,4,1,1,Low,0,0,0,0,0,0,1,0,0,0,0,0,1,0,0
58,5,0,1,2,0,0,0,0,1,0,0,1,1,Low,0,0,0,0,0,0,1,0,0,0,1,0,0,0,0
59,5,0,0,0,2,1,1,2,2,0,1,0,1,Low,0,0,0,0,0,0,0,0,1,0,1,0,0,0,0
60,3,0,2,4,1,3,1,3,0,1,2,1,1,Low,0,0,0,0,0,0,1,0,0,0,1,0,0,0,0
61,5,1,1,1,0,1,0,0,0,0,0,0,0,Low,0,0,0,0,0,0,1,0,0,0,0,1,0,0,0
62,3,5,3,5,0,1,0,0,1,0,0,0,0,High,0,0,0,0,0,0,0,1,0,0,0,0,1,0,0
63,3,1,2,3,1,3,0,1,1,1,2,0,0,Low,0,0,0,0,0,0,1,0,0,0,0,1,0,0,0
64,5,1,0,1,1,2,0,1,0,0,0,0,0,High,0,0,0,0,0,0,0,1,0,0,0,0,1,0,0
65,5,0,3,1,0,2,0,1,0,1,0,0,0,High,0,0,0,0,0,0,1,0,0,0,1,0,0,0,0
66,4,2,1,0,0,0,2,1,1,0,1,0,0,Low,0,0,0,0,0,0,1,0,0,0,1,0,0,0,0
67,3,0,2,2,2,2,0,2,1,1,0,0,1,Low,0,0,0,0,0,0,1,0,0,0,0,1,0,0,0
68,2,0,2,2,2,2,0,3,2,2,3,2,3,Low,0,0,0,0,0,0,1,0,0,0,1,0,0,0,0
69,3,1,1,2,1,3,1,2,0,0,1,1,0,Low,0,0,0,0,0,0,1,0,0,0,0,0,1,0,0
70,5,0,2,2,2,0,0,1,1,0,0,0,1,Low,0,0,0,0,0,0,1,0,0,0,1,0,0,0,0
71,4,0,1,2,1,1,0,1,0,1,0,0,0,Low,0,0,0,0,0,0,1,0,0,0,1,0,0,0,0
72,4,2,2,3,0,1,0,0,0,0,1,0,0,High,0,0,0,0,0,0,1,0,0,0,0,1,0,0,0
73,4,3,2,1,0,0,0,1,1,0,1,0,1,Low,0,0,0,0,0,0,1,0,0,0,0,0,1,0,0
74,3,1,3,3,1,1,1,1,1,1,2,1,1,High,0,0,0,0,0,0,0,1,0,0,0,0,1,0,0
75,3,1,1,1,1,1,0,0,0,0,1,0,0,High,0,0,0,1,0,0,0,0,0,1,0,0,0,0,0
76,3,1,1,1,1,0,0,1,1,0,2,0,0,Low,0,0,0,0,0,0,0,1,0,1,0,0,0,0,0
77,4,1,7,2,2,3,0,2,0,1,2,0,0,Low,0,0,0,0,0,0,1,0,0,0,0,0,1,0,0
78,4,1,2,2,0,1,1,0,0,0,1,0,0,High,0,0,0,0,0,0,1,0,0,0,1,0,0,0,0
79,4,0,2,3,0,0,0,0,0,0,0,0,0,Low,0,0,0,0,0,0,0,1,0,0,1,0,0,0,0
80,5,0,2,0,0,0,0,0,0,0,1,1,1,Low,0,0,0,0,0,0,0,1,0,0,0,0,1,0,0
81,4,0,3,3,1,2,0,1,0,0,2,1,0,Low,0,0,0,0,0,0,0,1,0,0,0,0,1,0,0
82,4,1,2,1,1,2,0,0,1,1,1,0,1,Low,0,0,0,1,0,0,0,0,0,0,1,0,0,0,0
83,4,1,0,1,0,0,0,0,0,1,1,0,1,High,0,0,0,0,0,0,0,1,0,0,0,0,1,0,0
84,3,1,3,2,0,2,0,2,0,0,0,1,0,High,0,0,0,0,0,0,1,0,0,0,0,0,1,0,0
85,5,0,0,1,0,2,0,0,1,0,0,0,0,Low,0,0,0,0,0,0,1,0,0,0,0,1,0,0,0
86,5,0,1,1,0,1,0,0,0,0,1,0,0,Low,0,0,0,0,0,0,1,0,0,0,0,1,0,0,0
87,4,0,1,1,2,1,0,0,0,0,2,0,0,Low,0,0,0,0,0,0,1,0,0,0,0,0,1,0,0
88,3,2,3,3,2,0,0,3,1,1,2,0,2,Low,0,0,0,0,0,0,1,0,0,0,0,0,1,0,0
89,4,0,3,0,1,2,0,1,0,0,0,0,0,High,0,0,0,0,0,0,1,0,0,0,1,0,0,0,0
90,3,0,2,0,1,2,1,1,0,0,0,0,0,High,0,0,0,0,0,0,1,0,0,0,0,1,0,0,0
91,5,0,0,0,0,1,0,0,0,0,0,0,0,High,0,0,0,0,0,0,1,0,0,0,1,0,0,0,0
92,4,0,0,0,0,1,0,0,0,0,1,0,0,High,0,0,0,0,0,0,1,0,0,0,0,0,1,0,0
93,3,3,3,4,1,3,1,1,1,1,1,0,1,Low,0,0,0,0,0,0,0,1,0,0,0,0,1,0,0
94,4,2,2,2,0,0,0,0,0,0,0,0,0,Low,0,0,0,0,0,0,1,0,0,0,0,1,0,0,0
95,4,0,1,2,1,0,0,0,1,0,2,1,1,High,0,0,0,0,0,0,1,0,0,0,1,0,0,0,0
96,5,0,1,0,0,2,0,0,0,0,0,0,0,Low,0,0,0,0,0,0,1,0,0,1,0,0,0,0,0
97,2,1,1,2,1,2,0,1,0,0,1,0,0,Low,0,0,0,0,0,0,1,0,0,0,0,0,1,0,0
98,4,1,0,1,0,0,0,0,0,0,0,0,0,Low,0,0,0,0,0,0,1,0,0,0,0,1,0,0,0
99,4,0,3,1,1,0,1,1,1,0,0,0,0,Low,0,0,0,0,0,0,1,0,0,0,1,0,0,0,0
100,5,0,1,1,0,0,0,0,1,0,1,0,0,Low,0,0,0,0,0,0,1,0,0,0,0,0,1,0,0
101,3,1,2,2,3,1,1,1,2,1,0,0,1,Low,0,0,0,0,0,0,1,0,0,0,0,0,1,0,0
102,5,0,0,0,2,1,0,0,0,0,0,0,0,Low,0,0,0,0,0,0,1,0,0,0,1,0,0,0,0
103,5,0,4,1,0,1,0,1,0,1,1,1,0,Low,0,0,0,0,0,0,1,0,0,0,1,0,0,0,0
104,5,0,3,2,1,0,0,0,2,0,3,0,1,High,0,0,0,0,0,0,1,0,0,0,0,1,0,0,0
105,3,0,4,1,3,0,0,1,0,0,2,0,0,Low,0,0,0,0,0,0,1,0,0,0,1,0,0,0,0
106,5,0,2,1,2,0,0,1,0,0,0,0,1,Low,0,0,0,0,0,0,1,0,0,0,1,0,0,0,0
107,3,1,3,2,0,2,0,1,0,0,1,0,0,Low,0,0,0,0,0,0,1,0,0,0,0,0,1,0,0
108,4,0,1,2,0,0,0,1,1,0,0,0,0,Low,0,0,0,0,0,0,0,1,0,0,0,0,1,0,0
109,3,2,2,1,3,1,0,1,2,0,1,1,1,Low,0,0,0,0,0,0,0,1,0,0,0,0,1,0,0
110,4,0,0,1,0,0,0,2,1,0,1,0,1,Low,0,0,0,0,0,0,1,0,0,0,1,0,0,0,0
111,5,1,2,1,0,0,0,2,1,0,0,0,0,Low,0,0,0,0,0,0,1,0,0,0,1,0,0,0,0
112,4,1,5,3,0,2,0,3,1,1,0,1,0,Low,0,0,0,0,0,0,1,0,0,0,1,0,0,0,0
113,4,0,1,2,1,3,1,0,1,0,0,0,0,Low,0,0,0,0,0,0,1,0,0,0,1,0,0,0,0
114,3,2,2,1,1,1,0,1,0,0,0,0,0,High,0,0,0,0,0,0,0,0,1,0,0,0,1,0,0
115,4,0,1,1,0,0,0,0,0,0,0,0,0,High,0,0,0,0,0,0,1,0,0,0,0,0,1,0,0
116,4,0,0,2,1,0,0,0,1,1,0,0,0,Low,0,0,0,0,0,0,0,0,1,0,0,0,1,0,0
117,4,0,3,0,1,1,1,0,0,1,2,0,1,Low,0,0,0,0,0,0,1,0,0,0,1,0,0,0,0
118,4,1,4,2,0,2,0,2,1,1,0,0,1,Low,0,0,0,0,0,0,1,0,0,0,0,1,0,0,0
119,4,0,2,2,0,1,0,0,0,0,0,0,0,Low,0,0,0,0,0,0,1,0,0,0,1,0,0,0,0
120,4,0,2,1,0,0,0,0,3,0,2,0,2,Low,0,0,0,0,0,0,1,0,0,0,0,1,0,0,0
121,5,0,2,1,0,1,0,1,0,0,0,0,0,Low,0,0,0,0,0,0,1,0,0,0,0,0,1,0,0
122,5,0,0,0,1,1,0,0,0,0,1,0,1,Low,0,0,0,0,0,0,1,0,0,0,0,1,0,0,0
123,3,3,2,2,0,1,0,0,2,1,0,0,1,High,0,0,0,0,0,0,1,0,0,0,0,0,1,0,0
124,3,1,1,0,1,0,0,1,0,0,1,0,0,High,0,0,0,0,0,0,1,0,0,0,0,1,0,0,0
125,3,1,1,2,1,1,0,1,2,2,2,1,2,Low,0,0,0,0,0,0,0,1,0,0,0,0,1,0,0
126,4,0,1,1,1,0,1,0,0,0,1,0,0,High,0,0,0,0,0,0,1,0,0,0,0,1,0,0,0
127,4,0,3,1,2,1,0,0,0,1,1,0,0,Low,0,0,0,0,0,0,1,0,0,0,1,0,0,0,0
128,4,1,1,1,0,1,0,0,0,0,1,0,0,Low,0,0,0,0,0,0,1,0,0,0,1,0,0,0,0
129,4,3,2,2,0,2,0,1,1,0,0,0,0,Low,0,0,0,0,0,0,1,0,0,0,0,0,1,0,0
130,3,2,3,2,1,0,0,2,0,0,0,0,0,High,0,0,0,0,0,0,0,1,0,0,0,0,1,0,0
131,2,2,2,3,2,3,0,1,0,0,0,0,0,Low,0,0,0,0,0,0,1,0,0,0,0,0,1,0,0
132,3,1,2,1,0,1,0,0,0,1,0,0,0,Low,0,0,0,0,0,0,0,1,0,0,0,0,1,0,0
133,4,1,1,3,1,2,1,0,0,0,0,0,0,Low,0,0,0,0,0,0,0,0,1,0,0,0,1,0,0
134,5,1,0,0,1,0,0,0,1,0,2,0,0,Low,0,0,0,0,0,0,1,0,0,0,0,0,1,0,0
135,4,1,2,0,2,1,0,0,0,0,1,0,0,High,0,0,0,0,0,0,1,0,0,0,0,1,0,0,0
136,4,1,0,2,0,0,0,0,1,0,0,0,1,Low,0,0,0,0,0,0,1,0,0,0,0,1,0,0,0
137,3,3,4,2,1,1,0,1,0,0,0,0,0,Low,0,0,0,0,0,0,1,0,0,0,0,0,1,0,0
138,4,1,4,5,4,3,0,0,0,0,0,0,0,Low,0,0,0,0,0,0,0,1,0,0,0,0,1,0,0
139,2,1,2,3,1,0,0,1,0,0,2,0,1,Low,0,0,0,0,0,0,0,1,0,0,0,1,0,0,0
140,3,0,2,1,0,2,0,1,0,1,1,1,0,Low,0,0,0,0,0,0,0,1,0,0,0,0,1,0,0
141,5,0,1,1,0,0,0,0,0,0,1,0,0,High,0,0,0,0,0,0,1,0,0,0,0,1,0,0,0
142,4,1,3,3,0,0,1,1,1,0,0,0,1,Low,0,0,0,0,0,0,0,1,0,0,0,1,0,0,0
143,3,0,1,2,0,0,0,0,1,0,1,1,1,Low,0,0,0,0,0,0,1,0,0,0,0,0,1,0,0
144,5,0,1,1,0,0,0,0,0,0,1,0,0,Low,0,0,0,0,0,0,0,1,0,0,0,1,0,0,0
145,3,5,5,4,3,7,0,2,1,0,1,0,1,Low,0,0,0,0,0,0,1,0,0,0,0,0,1,0,0
146,3,0,3,2,3,2,1,2,1,1,2,1,1,Low,0,0,0,0,0,0,0,1,0,0,0,0,1,0,0
147,4,1,3,0,0,1,0,0,0,0,0,0,0,Low,0,0,0,0,0,0,1,0,0,0,0,0,1,0,0
148,4,1,2,2,0,0,1,0,1,0,0,0,0,High,0,0,0,0,0,0,1,0,0,0,0,0,1,0,0
149,4,2,4,2,1,1,0,1,1,1,1,0,1,High,0,0,0,0,0,0,1,0,0,0,1,0,0,0,0
150,4,0,1,2,0,1,0,2,0,0,1,0,0,High,0,0,0,0,0,0,1,0,0,0,0,0,1,0,0
151,4,1,0,0,1,0,0,0,0,0,1,0,0,Low,0,0,0,0,0,0,1,0,0,0,0,0,1,0,0
152,4,2,3,1,0,0,0,1,0,1,1,0,1,Low,0,0,0,0,0,0,0,1,0,0,0,0,1,0,0
153,3,3,3,2,1,0,0,1,1,1,0,1,1,Low,0,0,0,0,0,0,0,0,1,0,0,0,1,0,0
154,4,0,1,0,1,2,0,1,1,1,1,1,0,Low,0,0,0,0,0,0,1,0,0,0,1,0,0,0,0
155,3,2,5,4,3,0,0,1,0,1,2,0,1,Low,0,0,0,0,0,0,1,0,0,0,0,0,1,0,0
156,4,1,3,1,1,1,0,2,0,1,1,0,1,Low,0,0,0,0,0,0,1,0,0,0,0,0,1,0,0
157,5,1,0,1,1,0,0,0,0,0,0,0,0,Low,0,0,0,0,0,1,0,0,0,0,0,0,1,0,0
158,4,1,2,1,0,1,1,2,0,0,0,0,0,High,0,0,0,0,0,0,1,0,0,0,0,0,1,0,0
159,5,0,1,0,0,0,0,0,0,0,0,0,0,Low,0,0,0,0,0,0,1,0,0,0,1,0,0,0,0
160,3,2,2,1,0,0,1,1,1,1,0,0,0,High,0,0,0,0,0,0,1,0,0,0,0,0,1,0,0
161,5,1,2,1,0,0,0,1,0,0,1,0,0,Low,0,0,0,0,0,0,1,0,0,0,0,1,0,0,0
162,3,1,2,1,2,1,1,1,1,0,2,0,0,High,0,0,0,0,0,0,0,1,0,0,0,0,1,0,0
163,3,2,3,2,0,1,1,2,1,1,1,0,1,Low,0,0,0,0,0,0,1,0,0,0,0,1,0,0,0
164,4,0,2,1,0,2,0,1,1,1,2,0,0,Low,0,0,0,0,0,0,1,0,0,0,0,0,1,0,0
165,4,0,2,1,1,0,0,1,0,0,2,1,0,Low,0,0,0,0,0,0,1,0,0,0,0,0,1,0,0
166,5,0,2,0,0,0,0,0,0,0,1,0,0,Low,0,0,0,0,0,0,1,0,0,0,1,0,0,0,0
167,4,0,1,0,2,2,0,0,0,0,1,0,0,Low,0,0,0,0,0,0,1,0,0,0,0,0,1,0,0
168,5,1,3,0,0,1,1,0,0,0,0,0,0,Low,0,0,0,0,0,0,1,0,0,0,1,0,0,0,0
169,5,1,3,0,1,1,1,1,0,0,0,0,0,Low,0,0,0,0,0,0,1,0,0,0,1,0,0,0,0
170,3,0,1,2,0,1,0,1,1,1,2,1,1,Low,0,0,0,0,0,0,1,0,0,0,1,0,0,0,0
171,4,0,0,2,0,1,0,0,0,0,1,0,0,High,0,0,0,0,0,0,1,0,0,0,0,0,1,0,0
172,5,0,0,2,0,0,0,0,0,0,0,0,0,Low,0,0,0,0,0,0,1,0,0,0,1,0,0,0,0
173,5,0,0,0,0,0,0,1,0,0,2,0,0,High,0,0,0,0,0,1,0,0,0,0,0,1,0,0,0
174,4,2,1,1,0,0,0,1,1,0,1,0,0,Low,0,0,0,0,0,0,1,0,0,0,1,0,0,0,0
175,4,1,3,1,0,0,1,0,0,1,0,0,0,Low,0,0,0,0,0,0,1,0,0,0,0,1,0,0,0
176,4,2,1,3,1,2,1,2,1,0,0,0,1,Low,0,0,0,0,0,0,1,0,0,0,0,1,0,0,0
177,5,0,1,0,1,0,0,0,0,0,0,0,0,Low,0,0,0,0,0,0,1,0,0,0,1,0,0,0,0
178,4,0,0,2,0,2,1,2,0,0,0,0,0,High,0,0,0,0,0,0,1,0,0,0,0,0,1,0,0
179,3,2,4,3,1,2,2,1,1,2,0,0,1,High,0,0,0,0,0,0,0,1,0,0,0,0,1,0,0
180,4,2,1,2,0,3,2,0,2,1,0,1,2,Low,0,0,0,0,0,0,1,0,0,0,0,0,1,0,0
181,3,0,6,5,1,2,0,4,1,0,2,1,0,Low,0,0,0,0,0,0,1,0,0,0,0,0,1,0,0
182,4,2,2,2,1,0,1,2,1,0,1,0,0,High,0,0,0,0,0,0,1,0,0,0,0,0,1,0,0
183,4,1,0,2,2,2,0,2,0,1,0,0,0,Low,0,0,0,1,0,0,0,0,0,0,1,0,0,0,0
184,5,0,2,0,0,2,0,0,0,0,0,0,0,Low,0,0,0,0,0,0,0,1,0,0,0,0,1,0,0
185,3,2,3,2,2,1,0,1,0,0,0,0,0,Low,0,0,0,0,0,0,0,1,0,0,0,0,1,0,0
186,5,0,2,0,0,1,0,1,0,0,2,0,0,High,0,0,0,0,0,0,1,0,0,0,1,0,0,0,0
187,2,1,1,2,0,2,1,3,2,0,3,0,2,Low,0,0,0,0,0,0,1,0,0,0,0,0,1,0,0
188,3,2,3,1,0,1,0,1,0,0,0,0,0,Low,0,0,0,0,0,0,1,0,0,0,1,0,0,0,0
189,5,0,1,1,1,0,0,0,1,0,0,1,0,Low,0,0,0,0,0,0,0,1,0,0,0,0,1,0,0
190,4,1,2,3,1,0,0,1,2,0,1,2,2,Low,0,0,0,0,0,0,1,0,0,0,0,0,1,0,0
191,3,1,2,1,1,1,0,0,0,0,0,0,0,Low,0,0,0,0,0,0,0,0,1,0,0,0,1,0,0
192,5,0,1,1,1,1,0,0,0,0,0,0,0,Low,0,0,0,0,0,0,1,0,0,0,1,0,0,0,0
193,3,3,3,3,1,3,1,1,0,0,0,0,0,High,0,0,0,0,0,0,0,1,0,0,0,0,1,0,0
194,2,3,3,3,2,1,1,2,2,1,2,0,0,Low,0,0,0,0,0,0,1,0,0,0,0,0,1,0,0
195,3,2,2,4,0,1,0,1,1,0,0,0,0,Low,0,0,0,0,0,0,1,0,0,0,0,0,1,0,0
196,5,0,0,0,0,1,0,0,0,0,0,0,0,Low,0,0,0,1,0,0,0,0,0,0,1,0,0,0,0
197,5,0,3,2,0,0,0,1,0,0,1,0,0,Low,0,0,0,0,0,0,1,0,0,0,1,0,0,0,0
198,5,0,1,2,0,1,0,1,0,0,0,0,0,Low,0,0,0,0,0,0,1,0,0,1,0,0,0,0,0
199,5,0,0,0,3,1,0,1,0,0,0,1,0,Low,0,0,0,0,0,0,0,1,0,0,1,0,0,0,0
200,4,0,1,2,2,3,0,1,0,0,1,0,0,Low,0,0,0,0,0,0,1,0,0,0,0,1,0,0,0
201,5,0,1,2,0,2,0,0,2,0,0,0,0,Low,0,0,0,0,0,0,0,1,0,0,0,0,1,0,0
202,5,0,1,2,2,0,0,1,0,0,0,0,0,Low,0,0,0,0,0,0,1,0,0,0,0,1,0,0,0
203,3,4,5,3,5,5,1,2,2,0,0,0,1,Low,0,0,0,0,0,0,1,0,0,0,0,0,1,0,0
204,4,0,3,3,0,0,0,0,0,0,0,0,0,Low,0,0,0,0,0,0,1,0,0,0,0,0,1,0,0
205,3,0,3,4,1,2,0,2,1,1,2,3,1,Low,0,0,0,0,0,0,1,0,0,0,0,1,0,0,0
206,5,0,2,0,0,0,0,0,0,0,0,0,0,Low,0,0,0,0,0,0,1,0,0,0,1,0,0,0,0
207,4,1,1,2,0,1,0,0,0,0,0,0,0,Low,0,0,0,0,0,0,1,0,0,0,0,0,1,0,0
208,4,0,1,1,0,1,0,0,0,0,1,0,0,Low,0,0,0,0,0,0,1,0,0,0,0,0,1,0,0
209,3,1,2,3,1,1,0,2,2,0,2,1,2,Low,0,0,0,0,0,0,0,1,0,0,0,0,1,0,0
210,5,0,1,2,0,0,0,1,0,0,1,0,0,High,0,0,0,0,0,0,1,0,0,0,1,0,0,0,0
211,5,0,0,1,0,0,1,0,0,1,0,0,1,High,0,0,0,0,0,0,1,0,0,0,1,0,0,0,0
212,4,1,3,1,1,0,0,1,0,0,0,0,0,High,0,0,0,0,0,0,1,0,0,0,0,0,1,0,0
213,3,1,1,3,1,1,0,2,0,1,2,1,0,High,0,0,0,0,0,0,1,0,0,0,0,0,1,0,0
214,5,0,4,0,0,1,0,2,1,0,0,0,0,Low,0,0,0,0,0,0,1,0,0,0,1,0,0,0,0
215,5,0,0,1,1,0,0,1,1,1,1,0,0,Low,0,0,0,0,0,0,1,0,0,1,0,0,0,0,0
216,3,2,3,1,1,0,0,2,0,0,0,1,0,Low,0,0,0,0,0,0,1,0,0,0,0,0,1,0,0
217,4,0,2,2,0,1,0,0,0,0,1,0,0,Low,0,0,0,0,0,0,0,0,1,0,0,0,1,0,0
218,3,2,3,1,1,0,2,1,2,0,1,1,1,Low,0,0,0,0,0,0,1,0,0,0,0,0,1,0,0
219,4,0,1,2,1,1,0,0,0,0,1,0,0,Low,0,0,0,0,0,0,0,1,0,0,0,0,1,0,0
220,5,0,1,2,1,0,0,1,0,0,2,0,0,Low,0,0,0,0,0,0,1,0,0,0,1,0,0,0,0
221,5,1,0,0,1,1,0,0,0,0,0,0,0,Low,0,0,0,0,0,0,0,0,1,0,0,0,1,0,0
222,3,1,2,3,2,3,0,1,1,0,0,0,0,Low,0,0,0,0,0,0,1,0,0,0,1,0,0,0,0
223,4,0,3,4,2,0,0,0,0,0,0,1,0,Low,0,0,0,0,0,0,0,0,1,0,0,0,1,0,0
224,4,1,2,0,0,0,0,1,1,0,1,0,0,High,0,0,0,0,0,0,0,1,0,0,0,0,1,0,0
225,5,1,2,1,0,0,0,0,0,0,1,0,0,Low,0,0,0,0,0,0,1,0,0,0,0,1,0,0,0
226,5,1,1,0,1,0,0,0,1,0,0,0,0,Low,0,0,0,0,0,0,0,0,1,0,0,0,1,0,0
227,5,0,1,0,0,1,0,0,1,0,0,0,0,Low,0,0,0,0,0,0,0,1,0,0,0,1,0,0,0
228,3,2,2,2,0,0,0,1,0,0,0,0,0,Low,0,0,0,0,0,0,0,0,1,0,0,0,1,0,0
229,5,1,1,0,0,0,0,1,0,0,0,0,0,Low,0,0,0,0,0,0,1,0,0,0,0,0,1,0,0
230,4,1,2,1,1,2,1,1,0,0,1,1,0,Low,0,0,0,0,0,0,0,0,1,0,0,0,1,0,0
231,4,1,1,1,1,1,0,1,2,1,1,1,0,Low,0,0,0,0,0,0,1,0,0,0,1,0,0,0,0
232,5,1,1,1,0,0,0,0,0,0,0,0,0,Low,0,0,0,0,0,0,1,0,0,0,0,0,1,0,0
233,3,1,2,1,1,1,0,0,1,0,1,1,1,Low,0,0,0,0,0,0,0,1,0,0,0,0,1,0,0
234,5,0,1,0,0,0,1,3,0,0,3,0,0,Low,0,0,0,0,0,0,1,0,0,0,0,1,0,0,0
235,5,1,2,0,0,0,0,1,1,0,0,0,1,Low,0,0,0,0,0,0,1,0,0,0,1,0,0,0,0
236,5,0,0,1,0,0,0,0,1,0,0,0,1,Low,0,0,0,0,0,0,1,0,0,0,1,0,0,0,0
237,3,2,4,5,3,4,0,0,0,0,1,0,0,Low,0,0,0,0,0,0,0,0,1,0,0,0,1,0,0
238,5,0,0,1,0,1,0,1,0,0,0,0,0,High,0,0,0,0,0,0,1,0,0,0,1,0,0,0,0
239,4,1,1,1,0,2,0,0,1,1,1,1,0,Low,0,0,0,0,0,0,1,0,0,0,0,0,1,0,0
240,3,1,2,1,2,0,0,1,0,0,0,0,0,High,0,0,0,0,0,0,1,0,0,0,0,1,0,0,0
241,5,0,2,0,1,1,0,1,0,0,1,0,0,Low,0,0,0,0,0,0,1,0,0,1,0,0,0,0,0
242,3,1,2,2,0,1,0,1,0,0,0,1,1,High,0,0,0,0,0,0,1,0,0,0,0,0,1,0,0
243,5,1,3,1,1,0,0,1,2,0,0,0,1,Low,0,0,0,0,0,0,1,0,0,0,0,0,1,0,0
244,5,0,0,0,1,0,1,1,0,0,0,0,0,High,0,0,0,0,0,0,1,0,0,0,0,0,1,0,0
245,3,1,2,3,0,1,0,0,0,0,1,0,0,Low,0,0,0,0,0,0,1,0,0,0,1,0,0,0,0
246,2,3,4,4,2,2,1,0,2,0,1,2,0,Low,0,0,0,0,0,0,1,0,0,0,0,0,1,0,0
247,3,2,1,0,1,0,0,1,1,1,1,1,1,High,0,0,0,0,0,0,1,0,0,0,0,0,1,0,0
248,3,2,3,2,0,0,0,2,1,1,1,1,2,Low,0,0,0,0,0,0,1,0,0,0,0,1,0,0,0
249,5,0,3,3,0,0,0,0,0,0,0,0,0,Low,0,0,0,0,0,0,1,0,0,0,0,1,0,0,0
250,5,1,1,2,2,2,0,0,0,1,0,2,1,Low,0,0,0,0,0,0,1,0,0,0,1,0,0,0,0
251,3,1,2,2,1,1,0,0,1,0,0,1,0,Low,0,0,0,0,0,0,1,0,0,0,0,0,1,0,0
252,3,2,4,3,1,5,2,3,2,1,3,1,0,Low,0,0,0,0,0,0,0,1,0,0,0,0,1,0,0
253,3,1,0,3,2,2,0,1,0,2,1,0,2,Low,0,0,0,0,0,0,0,1,0,0,0,0,1,0,0
254,4,1,1,1,2,2,0,0,1,0,1,0,0,High,0,0,0,0,0,0,1,0,0,0,1,0,0,0,0
255,5,0,3,2,0,2,0,0,0,0,1,0,1,Low,0,0,0,0,0,0,1,0,0,0,1,0,0,0,0
256,4,1,2,2,0,1,0,0,0,1,2,1,0,Low,0,0,0,0,0,0,1,0,0,0,0,1,0,0,0
257,5,0,1,2,0,1,0,0,1,0,1,1,0,Low,0,0,0,0,0,0,1,0,0,0,1,0,0,0,0
258,3,2,5,4,1,3,1,3,2,1,3,1,1,Low,0,0,0,0,0,0,1,0,0,0,0,0,1,0,0
259,5,0,0,0,1,0,0,0,0,0,0,0,0,High,0,0,0,1,0,0,0,0,0,0,1,0,0,0,0
260,3,0,3,3,2,3,1,1,0,2,1,0,2,Low,0,0,0,0,0,0,1,0,0,0,1,0,0,0,0
261,5,0,2,0,0,0,0,2,0,0,0,0,0,High,0,0,0,0,0,0,1,0,0,0,0,0,1,0,0
262,5,1,1,0,1,1,0,0,0,0,0,0,0,Low,0,0,0,0,0,0,0,1,0,0,0,0,1,0,0
263,3,2,2,0,1,0,0,2,0,0,0,0,0,Low,0,0,0,0,0,0,1,0,0,0,1,0,0,0,0
264,3,2,3,3,1,0,0,3,1,1,1,0,0,Low,0,0,0,0,0,0,1,0,0,0,0,0,1,0,0
265,5,0,2,1,1,0,0,1,0,0,0,0,0,Low,0,0,0,0,0,0,0,1,0,0,0,0,1,0,0
266,5,0,2,0,1,0,0,0,0,0,0,0,0,Low,0,0,0,0,0,0,1,0,0,0,1,0,0,0,0
267,5,0,1,1,0,0,0,0,0,0,0,0,0,Low,0,0,0,0,0,0,1,0,0,0,1,0,0,0,0
268,5,0,1,1,1,1,0,0,1,0,2,0,1,Low,0,0,0,0,0,0,1,0,0,0,1,0,0,0,0
269,3,1,3,2,1,2,0,1,1,0,1,0,0,Low,0,0,0,0,0,0,1,0,0,0,0,0,1,0,0
270,5,0,1,0,0,0,0,0,1,0,0,0,0,Low,0,0,0,0,0,0,1,0,0,0,1,0,0,0,0
271,5,0,1,0,1,0,0,0,0,0,0,0,0,Low,0,0,0,0,0,0,1,0,0,0,1,0,0,0,0
272,3,2,1,2,1,1,0,1,0,0,0,0,0,High,0,0,0,0,0,0,1,0,0,0,0,0,1,0,0
273,4,2,0,1,2,0,0,1,0,0,0,0,0,Low,0,0,1,0,0,0,0,0,0,0,1,0,0,0,0
274,4,1,1,3,0,2,0,0,1,1,1,1,1,Low,0,0,0,0,0,0,1,0,0,0,0,0,1,0,0
275,4,0,2,1,1,2,0,0,1,1,0,0,0,Low,0,0,0,0,0,0,1,0,0,0,0,0,1,0,0
276,4,1,4,3,1,1,0,2,3,3,3,3,3,Low,0,0,0,0,0,0,1,0,0,0,0,0,1,0,0
277,5,1,2,0,0,0,0,0,1,0,0,0,0,Low,0,0,0,0,0,0,1,0,0,0,1,0,0,0,0
278,4,1,2,3,1,1,0,2,1,2,2,0,1,Low,0,0,0,0,0,0,1,0,0,1,0,0,0,0,0
279,5,0,2,3,2,0,0,1,0,0,1,1,0,High,0,0,0,0,0,0,1,0,0,0,1,0,0,0,0
280,5,1,1,0,1,0,0,0,0,1,0,0,1,Low,0,0,0,0,0,0,1,0,0,0,1,0,0,0,0
281,3,3,4,4,3,1,2,2,5,2,1,2,5,High,0,0,0,0,0,0,0,1,0,0,0,0,1,0,0
282,3,2,1,3,0,1,0,2,0,0,0,0,0,Low,0,0,0,0,0,0,0,1,0,0,0,0,1,0,0
283,4,1,2,3,2,1,1,0,0,0,0,0,0,Low,0,0,0,0,0,0,0,1,0,0,0,0,1,0,0
284,5,1,0,0,0,0,0,0,0,0,0,0,0,Low,0,0,0,0,0,0,1,0,0,0,0,0,1,0,0
285,4,0,3,3,0,0,0,0,0,0,1,0,0,Low,0,0,0,0,0,0,1,0,0,0,1,0,0,0,0
286,3,2,3,3,0,0,0,0,0,0,0,0,1,Low,0,0,0,0,0,0,1,0,0,0,1,0,0,0,0
287,3,4,2,2,2,0,1,1,1,1,1,1,1,Low,0,0,0,0,0,0,1,0,0,0,0,0,1,0,0
288,5,1,1,2,0,1,0,0,0,0,0,0,0,Low,0,0,0,0,0,0,0,1,0,0,0,0,1,0,0
289,5,1,0,0,0,2,0,0,0,0,0,0,0,Low,0,0,0,0,0,0,0,1,0,1,0,0,0,0,0
290,3,1,2,4,1,1,1,1,3,0,1,1,0,Low,0,0,0,0,0,0,1,0,0,0,0,1,0,0,0
291,3,2,2,3,1,2,1,1,0,0,1,0,0,Low,0,0,0,0,0,0,1,0,0,0,0,0,1,0,0
292,5,0,3,0,1,1,0,0,1,0,0,0,0,High,0,0,0,0,0,0,1,0,0,0,1,0,0,0,0
293,4,1,4,3,1,1,1,2,1,1,2,0,1,Low,0,0,0,0,0,0,1,0,0,0,1,0,0,0,0
294,4,1,1,1,1,2,2,0,0,0,1,0,0,Low,0,0,0,0,0,0,1,0,0,0,0,0,1,0,0
295,3,3,4,3,3,3,0,2,1,1,1,1,1,Low,0,0,0,0,0,0,0,1,0,0,0,0,1,0,0
296,3,2,3,2,0,0,0,0,0,0,0,0,0,Low,0,0,0,0,0,0,1,0,0,0,1,0,0,0,0
297,4,1,3,1,0,0,0,3,0,0,1,0,0,High,0,0,0,0,0,0,1,0,0,0,1,0,0,0,0
298,5,0,1,3,0,0,0,1,0,0,1,0,0,Low,0,0,0,0,0,0,0,0,1,0,0,0,1,0,0
299,3,0,2,2,0,2,0,2,0,1,0,0,1,Low,0,0,0,0,0,0,1,0,0,0,0,0,1,0,0
300,4,0,2,3,1,1,0,0,0,0,0,0,0,Low,0,0,0,0,0,0,1,0,0,0,0,1,0,0,0
301,3,3,3,2,0,2,0,1,0,0,0,0,0,Low,0,0,0,0,0,0,0,1,0,0,0,0,1,0,0
302,5,0,0,0,0,1,0,0,0,0,0,0,0,High,0,0,0,1,0,0,0,0,0,0,0,0,1,0,0
303,4,1,2,1,0,0,0,0,0,0,0,0,0,High,0,0,0,0,0,0,1,0,0,0,0,0,1,0,0
304,5,0,1,1,1,0,0,0,0,1,1,0,1,Low,0,0,0,0,0,0,1,0,0,0,1,0,0,0,0
305,3,1,2,2,0,1,0,0,0,0,2,0,0,Low,0,0,0,0,0,0,0,0,1,0,0,1,0,0,0
306,4,1,1,2,2,0,0,0,0,0,0,0,0,Low,0,0,0,0,0,0,1,0,0,0,0,1,0,0,0
307,3,2,2,2,2,1,2,2,0,1,0,0,2,Low,0,0,0,0,0,0,1,0,0,0,0,0,1,0,0
308,5,2,1,1,0,1,0,0,1,1,2,1,2,High,0,0,0,0,0,0,0,1,0,0,0,0,1,0,0
309,4,0,3,1,0,0,0,2,0,0,2,0,0,High,0,0,0,0,0,0,1,0,0,0,1,0,0,0,0
310,5,0,2,1,0,3,0,2,0,0,3,0,1,Low,0,0,0,0,0,0,1,0,0,0,1,0,0,0,0
311,5,0,1,1,0,0,0,1,0,0,0,0,0,High,0,0,0,1,0,0,0,0,0,0,1,0,0,0,0
312,3,2,0,2,0,2,1,1,1,1,1,0,1,Low,0,0,0,0,0,0,1,0,0,0,0,1,0,0,0
313,3,1,3,3,2,0,1,1,2,2,1,1,1,Low,0,0,0,0,0,0,1,0,0,0,0,1,0,0,0
314,4,1,1,1,2,0,0,1,1,0,1,0,0,Low,0,0,0,0,0,0,1,0,0,0,1,0,0,0,0
315,5,1,0,0,0,0,0,2,0,0,0,0,0,Low,0,0,0,0,0,0,1,0,0,0,1,0,0,0,0
316,4,0,3,1,0,0,0,2,0,0,2,0,0,High,0,0,0,0,0,0,1,0,0,0,0,1,0,0,0
317,3,2,2,3,1,2,0,0,1,0,0,0,0,Low,0,0,0,0,0,0,0,1,0,0,0,0,1,0,0
318,3,1,0,2,0,1,0,1,0,0,1,0,0,Low,0,0,0,0,0,0,1,0,0,0,0,0,1,0,0
319,5,0,2,1,0,0,0,2,0,0,0,0,0,Low,0,0,0,0,0,0,1,0,0,0,1,0,0,0,0
320,3,3,2,3,2,3,0,0,0,0,1,0,0,Low,0,0,0,0,0,0,1,0,0,0,0,0,1,0,0
321,4,0,2,2,1,1,0,3,0,0,1,0,0,High,0,0,0,0,0,0,1,0,0,0,0,0,1,0,0
322,3,0,2,3,1,1,1,1,0,0,0,0,0,Low,0,0,0,0,0,0,1,0,0,0,0,0,1,0,0
323,4,1,1,2,1,1,0,0,1,0,1,0,0,High,0,0,0,0,0,0,1,0,0,0,1,0,0,0,0
324,5,0,0,0,2,0,0,0,0,0,0,0,0,High,0,0,0,1,0,0,0,0,0,0,1,0,0,0,0
325,3,1,3,2,1,1,0,2,1,0,0,1,0,Low,0,0,0,0,0,0,0,1,0,0,0,0,1,0,0
326,5,0,0,1,1,1,0,0,0,0,1,0,0,Low,0,0,0,0,0,0,1,0,0,0,0,1,0,0,0
327,5,0,2,2,1,1,0,0,1,0,1,1,0,Low,0,0,0,0,0,0,1,0,0,0,0,1,0,0,0
328,4,1,0,1,0,0,0,0,0,1,0,0,0,High,0,0,0,0,0,0,1,0,0,0,0,0,1,0,0
329,4,0,3,3,2,0,0,0,0,0,1,0,0,Low,0,0,0,0,0,0,0,1,0,0,1,0,0,0,0
330,4,1,1,1,1,1,0,0,0,0,0,0,0,High,0,0,0,0,0,0,1,0,0,0,1,0,0,0,0
331,5,0,0,0,1,1,0,0,0,0,0,0,0,Low,0,0,0,1,0,0,0,0,0,0,1,0,0,0,0
332,5,0,0,0,0,0,0,0,0,0,0,0,1,Low,0,0,0,0,0,0,1,0,0,0,0,1,0,0,0
333,3,1,1,2,1,0,0,1,1,0,2,1,2,High,0,0,0,0,0,0,1,0,0,0,0,0,1,0,0
334,4,1,1,0,1,0,0,1,0,0,0,0,0,Low,0,0,0,1,0,0,0,0,0,1,0,0,0,0,0
335,4,0,0,3,0,0,0,0,0,0,0,0,0,Low,0,0,0,0,0,0,1,0,0,0,0,0,1,0,0
336,4,0,2,2,1,2,0,0,0,1,2,1,1,High,0,0,0,0,0,0,1,0,0,0,1,0,0,0,0
337,3,1,2,2,1,4,1,3,0,0,3,1,0,High,0,0,0,0,0,0,0,1,0,0,0,0,1,0,0
338,3,1,3,4,1,0,0,1,1,0,2,1,0,Low,0,0,0,0,0,0,0,1,0,0,0,0,1,0,0
339,3,2,2,2,0,0,0,1,1,1,1,0,0,Low,0,0,0,0,0,0,1,0,0,0,0,0,1,0,0
340,3,1,3,1,2,3,0,1,2,0,1,1,1,Low,0,0,0,0,0,0,0,1,0,0,0,0,1,0,0
341,5,0,0,1,0,1,0,0,0,1,0,0,0,Low,0,0,0,0,0,0,1,0,0,0,1,0,0,0,0
342,5,0,0,1,1,0,0,0,0,0,0,0,0,Low,0,0,0,0,0,0,1,0,0,0,1,0,0,0,0
343,4,0,1,1,2,1,0,0,1,1,1,0,1,Low,0,0,0,0,0,0,0,1,0,0,0,0,1,0,0
344,4,1,1,0,0,0,1,2,2,1,1,1,1,High,0,0,0,0,0,0,1,0,0,0,0,0,1,0,0
345,3,2,4,1,3,1,0,2,0,0,2,1,1,Low,0,0,0,0,0,0,1,0,0,0,1,0,0,0,0
346,4,2,2,0,3,3,0,0,2,3,3,1,2,High,0,0,0,0,0,0,1,0,0,0,1,0,0,0,0
347,3,2,2,3,3,1,0,0,1,0,0,1,0,Low,0,0,0,0,0,0,0,1,0,0,0,0,1,0,0
348,4,1,1,0,0,1,0,1,0,0,0,0,0,Low,0,0,0,0,0,0,1,0,0,0,0,0,1,0,0
349,5,0,3,0,0,0,0,0,0,0,0,0,0,Low,0,0,0,0,0,0,1,0,0,0,1,0,0,0,0
350,4,0,2,1,1,1,0,0,0,0,1,0,1,Low,0,0,0,0,0,0,1,0,0,0,1,0,0,0,0
351,4,0,1,1,1,3,0,2,1,2,0,1,1,Low,0,0,0,0,0,0,1,0,0,0,1,0,0,0,0
352,5,0,2,0,3,0,0,0,0,0,0,0,2,Low,0,0,0,0,0,0,1,0,0,0,1,0,0,0,0
353,5,0,0,1,0,0,0,0,0,0,1,0,0,Low,0,0,0,0,0,0,1,0,0,0,1,0,0,0,0
354,4,0,2,1,1,2,0,1,1,1,1,1,0,Low,0,0,0,0,0,0,1,0,0,0,1,0,0,0,0
355,5,1,0,2,1,0,0,2,0,2,0,0,2,High,0,0,0,1,0,0,0,0,0,0,1,0,0,0,0
356,3,1,5,2,3,3,0,2,3,2,3,0,3,Low,0,0,0,0,0,0,1,0,0,0,1,0,0,0,0
357,4,1,3,2,1,0,0,0,3,1,1,3,3,High,0,0,0,0,0,0,1,0,0,0,0,0,1,0,0
358,5,0,0,0,2,0,0,0,2,0,0,0,0,Low,0,0,0,0,0,0,1,0,0,0,1,0,0,0,0
359,2,2,3,3,2,3,0,4,0,1,2,0,1,Low,0,0,0,0,0,0,1,0,0,0,0,0,1,0,0
360,3,4,4,3,1,1,0,2,1,2,0,0,2,Low,0,0,0,0,0,0,1,0,0,0,0,0,1,0,0
361,5,1,1,0,1,0,0,1,0,0,0,0,0,Low,0,0,0,0,0,0,1,0,0,0,1,0,0,0,0
362,5,0,3,1,0,0,0,0,0,0,0,0,1,Low,0,0,0,0,0,0,1,0,0,0,1,0,0,0,0
363,3,0,4,2,2,1,0,0,0,0,1,0,0,Low,0,0,0,0,0,0,0,1,0,1,0,0,0,0,0
364,3,1,3,4,0,1,1,1,0,1,0,0,1,Low,0,0,0,0,0,0,1,0,0,0,0,0,1,0,0
365,5,0,1,0,2,1,0,0,0,0,1,0,2,Low,0,0,0,0,0,0,1,0,0,0,1,0,0,0,0
366,4,1,1,2,1,1,1,1,0,0,1,0,1,Low,0,0,0,0,0,0,1,0,0,0,0,1,0,0,0
367,4,2,3,1,1,2,0,0,2,0,2,0,1,High,0,0,0,0,0,0,1,0,0,0,0,1,0,0,0
368,5,0,2,2,2,2,0,0,0,0,0,0,0,Low,0,0,0,0,0,0,1,0,0,0,1,0,0,0,0
369,4,0,1,2,1,1,0,2,0,0,0,0,1,Low,0,0,0,0,0,0,1,0,0,0,0,0,1,0,0
370,4,1,1,0,1,0,0,2,0,0,0,0,0,Low,0,0,0,0,0,0,1,0,0,0,1,0,0,0,0
371,5,0,2,0,0,0,0,1,0,0,1,0,0,Low,0,0,0,0,0,0,1,0,0,0,1,0,0,0,0
372,4,1,2,1,2,0,0,0,0,0,0,0,0,Low,0,0,0,0,0,0,1,0,0,0,1,0,0,0,0
373,5,0,0,0,1,0,0,1,1,0,0,0,0,Low,0,0,0,0,0,0,1,0,0,0,1,0,0,0,0
374,3,0,1,3,2,1,0,0,0,0,1,0,1,Low,0,0,0,0,0,0,0,0,1,0,0,0,1,0,0
375,4,0,1,1,0,2,1,0,1,0,1,0,0,Low,0,0,0,0,0,0,1,0,0,0,1,0,0,0,0
376,4,0,2,3,1,1,0,1,1,1,2,0,1,High,0,0,0,0,0,0,1,0,0,0,1,0,0,0,0
377,3,2,3,2,0,1,0,0,0,0,0,1,0,High,0,0,0,0,0,0,1,0,0,0,0,0,1,0,0
378,5,1,1,0,2,2,0,1,0,1,0,0,1,Low,0,0,0,1,0,0,0,0,0,0,1,0,0,0,0
379,3,2,2,2,1,3,1,1,0,2,3,2,3,Low,0,0,0,0,0,0,1,0,0,0,0,0,1,0,0
380,5,0,1,1,0,0,0,0,0,0,0,1,0,Low,0,0,0,0,0,0,1,0,0,0,0,1,0,0,0
381,4,1,2,2,0,0,0,0,0,0,0,0,0,High,0,0,0,0,0,0,1,0,0,0,1,0,0,0,0
382,3,1,1,1,0,1,0,0,0,0,0,0,0,Low,0,0,0,0,0,0,1,0,0,0,1,0,0,0,0
383,3,1,1,1,0,1,0,1,0,0,1,0,0,High,0,0,0,0,0,0,1,0,0,0,0,0,1,0,0
384,3,5,5,4,3,2,2,4,3,2,3,2,5,Low,0,0,0,0,0,0,1,0,0,0,1,0,0,0,0
385,5,1,2,0,1,1,0,1,2,1,0,0,1,Low,0,0,0,0,0,0,1,0,0,0,0,0,1,0,0
386,5,1,1,1,0,0,0,0,0,0,0,0,0,High,0,0,0,0,0,0,0,1,0,0,0,1,0,0,0
387,4,1,0,1,1,1,0,0,0,0,0,0,0,Low,0,0,0,0,0,0,1,0,0,1,0,0,0,0,0
388,5,0,0,2,2,0,1,0,1,1,0,0,1,Low,0,0,0,0,0,0,0,1,0,0,0,0,1,0,0
389,4,0,2,0,1,0,0,1,0,0,0,0,1,High,0,0,0,0,0,0,0,1,0,0,1,0,0,0,0
390,3,2,5,5,4,1,3,1,1,1,2,0,0,Low,0,0,0,0,0,0,1,0,0,0,0,1,0,0,0
391,4,1,0,1,1,1,0,1,0,0,0,0,0,Low,0,0,0,0,0,0,1,0,0,0,1,0,0,0,0
392,5,0,0,0,0,1,0,0,0,0,0,0,1,Low,0,0,0,0,0,0,1,0,0,0,0,1,0,0,0
393,5,0,2,1,0,0,0,0,1,0,0,0,0,High,0,0,0,0,0,0,1,0,0,0,1,0,0,0,0
394,2,2,4,4,3,3,0,0,0,1,1,0,2,Low,0,0,0,0,0,0,0,1,0,0,1,0,0,0,0
395,3,2,1,1,1,1,0,1,0,0,1,0,0,Low,0,0,0,0,0,0,0,1,0,0,0,0,1,0,0
396,3,1,3,2,2,0,1,3,1,0,0,1,0,Low,0,0,0,0,0,0,1,0,0,0,0,0,1,0,0
397,4,1,1,2,0,1,1,2,0,0,1,2,0,High,0,0,0,1,0,0,0,0,0,0,1,0,0,0,0
398,4,1,0,0,0,0,0,0,0,0,1,0,0,Low,0,0,0,0,0,0,1,0,0,0,0,1,0,0,0
399,5,0,0,3,0,0,0,0,1,0,0,0,0,Low,0,0,0,0,0,0,0,1,0,0,1,0,0,0,0
400,5,0,0,2,0,0,0,0,0,0,0,0,0,Low,0,0,0,0,0,0,1,0,0,0,1,0,0,0,0
401,4,0,1,2,2,3,0,0,0,0,2,1,3,Low,0,0,0,0,0,0,1,0,0,0,1,0,0,0,0
402,5,0,0,0,2,1,0,0,1,0,0,1,2,Low,0,0,0,0,0,0,1,0,0,0,1,0,0,0,0
403,4,3,3,3,0,1,1,1,1,0,0,0,1,Low,0,0,0,0,0,0,1,0,0,0,0,1,0,0,0
404,5,0,1,0,2,0,0,1,0,2,0,0,0,Low,0,0,0,0,0,0,1,0,0,0,1,0,0,0,0
405,4,0,1,2,0,0,0,0,0,0,0,0,0,Low,0,0,0,0,0,0,0,1,0,0,0,0,1,0,0
406,4,1,2,1,1,0,1,2,1,0,2,0,0,Low,0,0,0,0,0,0,0,1,0,0,0,0,1,0,0
407,5,0,0,0,1,0,0,0,0,0,0,0,0,Low,0,0,0,0,0,0,1,0,0,0,0,0,1,0,0
408,4,0,1,2,0,0,0,0,1,0,0,0,0,High,0,0,0,0,0,0,0,0,1,0,0,0,1,0,0
409,4,0,1,1,1,0,1,0,0,0,0,0,0,Low,0,0,0,0,0,0,0,0,1,0,0,0,1,0,0
410,4,0,1,1,1,2,0,1,0,0,0,0,0,Low,0,0,0,0,0,0,1,0,0,0,1,0,0,0,0
411,4,0,2,1,0,0,0,1,0,0,1,0,0,Low,0,0,0,0,0,0,1,0,0,0,1,0,0,0,0
412,4,1,1,0,1,1,0,0,0,0,1,0,0,Low,0,0,0,0,0,0,0,0,1,0,0,0,1,0,0
413,4,0,2,1,1,1,0,1,1,1,0,0,2,Low,0,0,0,0,0,0,1,0,0,0,1,0,0,0,0
414,4,0,0,1,2,0,0,0,0,0,0,0,0,Low,0,0,0,0,0,0,1,0,0,0,1,0,0,0,0
415,3,3,4,3,1,2,0,2,4,0,4,2,1,High,0,0,0,0,0,0,1,0,0,0,0,0,1,0,0
416,2,2,4,3,0,2,1,1,1,0,0,0,0,Low,0,0,0,0,0,0,1,0,0,0,0,0,1,0,0
417,3,2,3,2,1,1,3,0,1,0,3,0,0,Low,0,0,0,0,0,0,1,0,0,0,0,0,1,0,0
418,3,0,2,5,0,1,2,0,0,0,3,0,0,Low,0,0,0,0,0,0,1,0,0,0,0,0,1,0,0
419,4,0,1,0,1,0,1,1,2,0,0,0,0,High,0,0,0,0,0,0,1,0,0,0,0,0,1,0,0
420,3,3,6,4,0,2,0,1,1,2,2,1,1,Low,0,0,0,0,0,0,1,0,0,0,1,0,0,0,0
421,4,2,2,2,1,2,0,0,2,1,0,1,0,Low,0,0,0,0,0,0,1,0,0,0,0,0,1,0,0
422,3,2,4,2,1,1,0,2,1,1,0,0,1,Low,0,0,0,0,0,0,0,1,0,0,0,0,1,0,0
423,5,0,1,1,0,1,0,1,0,0,0,0,1,Low,0,0,0,0,0,0,1,0,0,0,1,0,0,0,0
424,5,0,2,0,1,0,0,0,1,0,0,1,0,Low,0,0,0,0,0,0,1,0,0,0,1,0,0,0,0
425,5,0,0,1,2,0,0,1,0,0,0,0,0,Low,0,0,0,0,0,0,1,0,0,0,1,0,0,0,0
426,4,1,0,0,0,1,0,0,0,0,0,0,0,High,0,0,0,0,0,0,0,1,0,0,0,0,1,0,0
427,4,1,0,1,1,2,0,0,2,0,0,1,2,High,0,0,0,0,0,0,1,0,0,0,0,0,1,0,0
428,5,0,1,0,0,2,0,1,0,1,1,1,1,Low,0,0,0,0,0,0,1,0,0,0,0,1,0,0,0
429,4,2,0,1,2,0,0,0,0,1,2,0,0,Low,0,0,0,0,0,0,0,0,1,0,0,0,1,0,0
430,3,2,1,2,1,1,1,1,1,1,0,0,1,High,0,0,0,0,0,0,1,0,0,0,1,0,0,0,0
431,4,1,1,2,0,0,0,0,0,0,0,0,0,High,0,0,0,0,0,0,0,1,0,0,0,0,1,0,0
432,3,3,3,2,2,3,2,0,1,0,1,0,1,Low,0,0,0,0,0,0,0,0,1,0,0,0,1,0,0
433,5,2,0,0,1,0,0,0,0,1,1,0,1,High,0,0,0,0,0,0,0,1,0,0,0,0,1,0,0
434,4,0,2,2,0,0,0,1,0,0,0,0,0,Low,0,0,0,0,0,0,1,0,0,0,1,0,0,0,0
435,5,0,2,0,0,1,0,1,0,0,0,0,0,Low,0,0,0,0,0,0,1,0,0,0,1,0,0,0,0
436,4,0,3,1,2,1,0,0,2,1,2,0,1,Low,0,0,0,0,0,0,1,0,0,0,0,0,1,0,0
437,4,2,1,2,1,1,0,0,0,0,0,0,0,Low,0,0,0,0,0,0,1,0,0,0,0,1,0,0,0
438,5,0,0,0,1,0,0,1,0,0,0,0,0,Low,0,0,0,1,0,0,0,0,0,0,1,0,0,0,0
439,5,0,0,2,2,1,0,0,0,0,0,1,0,Low,0,0,0,0,0,0,0,1,0,0,1,0,0,0,0
440,5,0,1,0,0,0,0,1,0,0,1,0,0,Low,0,0,0,0,0,0,1,0,0,0,1,0,0,0,0
441,5,0,1,1,0,0,0,0,0,0,0,0,0,Low,0,0,0,0,0,0,1,0,0,0,0,1,0,0,0
442,4,0,0,1,1,0,0,1,1,0,0,0,0,Low,0,0,0,0,0,0,1,0,0,0,0,1,0,0,0
443,3,3,1,1,1,0,0,0,0,0,0,0,0,Low,0,0,0,0,0,0,0,1,0,0,0,1,0,0,0
444,4,1,4,1,2,1,0,0,0,0,1,1,1,High,0,0,0,0,0,0,1,0,0,0,0,1,0,0,0
445,3,2,4,2,3,2,0,0,0,1,1,0,1,Low,0,0,0,0,1,0,0,0,0,0,0,0,0,1,0
446,5,0,0,0,0,0,0,0,0,0,1,0,0,High,0,0,0,0,0,0,1,0,0,0,1,0,0,0,0
447,3,4,3,5,0,2,1,1,5,2,2,1,0,High,0,0,0,0,0,0,1,0,0,0,0,0,1,0,0
448,5,0,1,0,0,0,0,0,1,0,0,0,0,Low,0,0,0,0,0,0,1,0,0,0,0,1,0,0,0
449,5,0,0,1,0,0,0,0,2,0,2,0,0,Low,0,0,0,0,0,0,0,1,0,0,0,0,1,0,0
450,4,2,2,1,2,1,1,0,1,1,1,1,1,Low,0,0,0,0,0,0,0,1,0,0,0,0,1,0,0
451,4,0,1,2,0,0,0,1,0,0,1,0,0,Low,0,0,0,0,0,0,1,0,0,0,1,0,0,0,0
452,4,0,1,1,0,0,0,1,0,0,1,0,0,High,0,0,0,0,0,0,0,1,0,0,0,0,1,0,0
453,4,0,1,2,2,2,0,2,0,0,1,0,0,Low,0,0,0,0,0,0,0,0,1,0,0,1,0,0,0
454,3,2,2,2,2,1,1,1,1,1,1,1,0,Low,0,0,0,0,0,0,0,1,0,0,0,0,1,0,0
455,5,0,1,0,0,1,0,0,0,0,0,0,0,Low,0,0,0,0,0,0,1,0,0,0,1,0,0,0,0
456,5,0,1,0,1,2,0,0,0,0,0,0,1,Low,0,0,0,0,0,0,1,0,0,0,1,0,0,0,0
457,4,2,1,0,1,1,0,1,0,0,1,0,0,Low,0,0,0,0,0,0,1,0,0,0,0,0,1,0,0
458,3,2,2,3,1,0,0,1,1,1,3,0,1,Low,0,0,0,0,0,0,1,0,0,0,0,1,0,0,0
459,4,0,2,1,1,2,0,0,1,0,1,0,0,Low,0,0,0,0,0,0,1,0,0,0,1,0,0,0,0
460,4,0,2,1,1,1,0,0,0,0,2,0,0,Low,0,0,0,0,0,0,1,0,0,0,0,0,1,0,0
461,3,1,2,3,0,1,0,0,2,0,2,0,0,Low,0,0,0,0,0,0,0,1,0,0,0,0,1,0,0
462,3,0,3,3,2,1,0,1,0,0,2,1,1,High,0,0,0,0,0,0,0,1,0,0,0,0,1,0,0
463,5,0,3,1,0,1,0,1,1,0,0,0,0,High,0,0,0,0,0,0,1,0,0,0,0,0,1,0,0
464,4,0,3,1,1,3,0,3,1,1,4,0,1,Low,0,0,0,1,0,0,0,0,0,0,1,0,0,0,0
465,2,1,1,0,1,1,0,1,0,1,1,1,1,Low,0,0,0,0,1,0,0,0,0,0,0,0,0,1,0
466,5,1,2,1,1,2,0,0,0,0,0,1,0,Low,0,0,0,0,0,0,1,0,0,0,0,1,0,0,0
467,3,3,2,2,0,0,0,0,0,0,0,0,0,Low,0,0,0,0,0,0,0,0,1,0,0,0,1,0,0
468,5,0,1,1,0,0,0,0,0,0,1,1,1,High,0,0,0,0,0,0,1,0,0,0,0,1,0,0,0
469,5,0,1,1,1,1,0,0,0,0,0,0,0,High,0,0,0,0,0,0,1,0,0,0,0,0,1,0,0
470,5,0,3,2,0,0,0,0,0,0,0,0,0,Low,0,0,0,0,0,0,1,0,0,0,0,0,1,0,0
471,5,0,2,0,1,1,0,0,0,0,1,0,0,High,0,0,0,0,0,0,1,0,0,0,0,0,1,0,0
472,4,2,1,4,0,1,0,1,1,0,1,0,0,Low,0,0,0,0,0,0,1,0,0,0,1,0,0,0,0
473,4,3,3,3,0,0,0,3,1,0,0,0,1,Low,0,0,0,0,0,0,1,0,0,0,1,0,0,0,0
474,4,1,2,1,1,1,0,0,0,0,0,0,0,Low,0,0,0,0,0,0,0,1,0,0,0,0,1,0,0
475,5,1,2,3,1,0,0,0,0,0,1,0,0,High,0,0,0,0,0,0,1,0,0,0,1,0,0,0,0
476,3,0,3,2,0,3,0,3,2,0,0,0,0,Low,0,0,0,0,0,0,1,0,0,0,0,0,1,0,0
477,3,2,1,2,1,1,0,2,1,0,1,1,0,High,0,0,0,0,0,0,1,0,0,0,0,0,1,0,0
478,4,1,5,1,1,3,2,1,2,1,0,0,0,High,0,0,0,0,0,0,1,0,0,0,0,1,0,0,0
479,4,0,4,5,3,1,0,4,0,0,1,1,1,Low,0,0,0,0,0,0,1,0,0,0,1,0,0,0,0
480,5,0,0,2,2,0,0,0,0,0,0,0,1,High,0,0,0,0,0,0,1,0,0,0,1,0,0,0,0
481,4,2,4,2,1,1,0,1,0,1,1,0,1,Low,0,0,0,0,0,0,1,0,0,0,1,0,0,0,0
482,5,0,0,0,0,1,0,1,0,0,0,0,1,High,0,0,0,0,0,0,1,0,0,0,1,0,0,0,0
483,4,0,1,1,1,0,0,0,0,0,1,0,0,Low,0,0,0,0,0,0,1,0,0,0,1,0,0,0,0
484,3,1,3,2,2,0,0,0,0,0,0,0,0,Low,0,0,0,0,0,0,1,0,0,0,0,0,1,0,0
485,5,0,2,2,0,1,0,0,0,0,0,0,0,Low,0,0,0,0,0,0,0,0,1,0,0,0,1,0,0
486,3,2,2,2,0,1,0,1,1,0,1,0,0,Low,0,0,0,0,0,0,1,0,0,0,1,0,0,0,0
487,3,1,3,3,0,1,0,1,1,1,1,0,0,Low,0,0,0,0,0,0,1,0,0,0,0,1,0,0,0
488,4,2,4,4,1,1,1,2,2,1,3,2,0,High,0,0,0,0,0,0,1,0,0,0,1,0,0,0,0
489,4,1,1,1,0,1,0,0,0,0,1,0,0,Low,0,0,0,0,0,0,0,0,1,0,0,0,1,0,0
490,4,0,0,2,0,1,0,1,2,0,1,1,0,Low,0,0,0,0,0,0,1,0,0,0,0,0,1,0,0
491,4,0,1,1,2,3,0,0,0,0,0,0,0,Low,0,0,0,0,1,0,0,0,0,0,0,0,0,1,0
492,5,0,0,0,2,0,0,0,0,0,0,0,0,Low,0,0,0,1,0,0,0,0,0,0,1,0,0,0,0
493,5,0,0,0,0,0,0,1,0,0,0,0,0,High,0,0,0,0,0,0,1,0,0,0,0,1,0,0,0
494,4,1,1,3,0,0,0,0,1,0,0,0,0,Low,0,0,0,0,0,0,0,0,1,0,0,0,1,0,0
495,5,0,0,0,1,1,0,0,0,0,1,0,1,Low,0,0,0,0,0,0,1,0,0,0,0,1,0,0,0
496,4,0,1,1,1,2,0,1,0,0,0,0,0,Low,0,0,0,1,0,0,0,0,0,0,1,0,0,0,0
497,3,2,4,2,2,1,0,2,3,2,2,1,1,Low,0,0,0,0,0,0,1,0,0,0,0,0,1,0,0
498,4,0,3,1,0,1,0,1,1,0,1,0,0,Low,0,0,0,0,0,0,1,0,0,0,1,0,0,0,0
499,4,1,1,3,1,1,0,1,0,0,0,0,0,Low,0,0,0,0,0,0,1,0,0,0,0,0,1,0,0
500,5,0,0,0,0,0,0,0,1,0,1,0,1,Low,0,0,0,0,0,0,1,0,0,0,0,0,1,0,0
501,4,1,1,1,0,3,0,1,0,0,1,0,0,Low,0,0,0,0,0,0,1,0,0,0,1,0,0,0,0
502,4,1,2,2,1,2,1,1,1,1,0,1,0,Low,0,0,0,0,0,0,1,0,0,0,0,0,1,0,0
503,4,0,2,2,2,1,0,0,0,0,2,2,1,Low,0,0,0,0,0,0,0,1,0,0,1,0,0,0,0
504,4,0,2,3,3,1,0,1,0,0,0,0,0,Low,0,0,0,0,0,0,1,0,0,0,0,1,0,0,0
505,4,0,1,1,1,1,0,0,0,0,1,0,0,Low,0,0,0,0,0,0,0,0,1,0,0,1,0,0,0
506,2,2,3,3,2,1,1,0,0,0,1,0,0,Low,0,0,0,0,0,0,0,0,1,0,0,0,1,0,0
507,3,4,4,1,2,0,1,3,1,1,1,1,1,Low,0,0,0,0,0,0,1,0,0,0,0,0,1,0,0
508,5,0,2,1,2,1,0,0,0,2,1,1,2,Low,0,0,0,0,0,0,0,1,0,0,0,1,0,0,0
509,4,1,2,2,1,3,0,2,0,0,1,0,0,Low,0,0,0,0,0,0,1,0,0,0,1,0,0,0,0
510,5,0,0,2,0,1,0,0,0,0,0,0,1,Low,0,0,0,0,0,0,1,0,0,0,0,1,0,0,0
511,4,1,1,2,0,0,0,1,0,0,0,0,0,Low,0,0,0,0,0,0,1,0,0,0,1,0,0,0,0
512,5,0,1,0,1,0,0,0,0,0,2,1,0,Low,0,0,0,0,0,0,1,0,0,0,1,0,0,0,0
513,3,3,6,6,2,3,0,2,1,1,4,1,0,Low,0,0,0,0,0,0,1,0,0,0,0,0,1,0,0
514,3,2,4,2,0,1,1,0,0,0,2,1,0,High,0,0,0,0,0,0,1,0,0,0,1,0,0,0,0
515,5,0,2,1,2,2,0,1,0,1,0,0,1,Low,0,0,0,0,0,0,1,0,0,0,0,0,1,0,0
516,5,0,1,0,0,1,0,0,0,0,1,0,0,Low,0,0,0,0,0,0,1,0,0,0,1,0,0,0,0
517,3,0,3,1,0,2,0,1,2,0,1,0,0,High,0,0,0,0,0,0,1,0,0,0,0,0,1,0,0
518,4,0,2,2,0,1,0,0,1,1,0,0,1,Low,0,0,0,0,0,0,1,0,0,0,1,0,0,0,0
519,4,0,1,3,0,0,0,0,2,0,1,2,0,Low,0,0,0,0,0,0,0,1,0,0,0,0,1,0,0
520,5,0,0,0,1,0,0,0,0,0,0,0,0,Low,0,0,0,0,0,0,0,1,0,0,1,0,0,0,0
521,5,0,1,1,1,0,0,0,0,0,0,0,0,Low,0,0,0,0,0,0,1,0,0,0,1,0,0,0,0
522,3,1,3,2,2,1,0,1,2,1,2,0,1,High,0,0,0,0,0,0,1,0,0,0,1,0,0,0,0
523,4,1,1,2,0,1,0,0,2,0,1,1,2,Low,0,0,0,0,0,0,1,0,0,0,0,0,1,0,0
524,5,0,1,1,1,1,0,1,0,0,0,0,0,Low,0,0,0,0,0,0,1,0,0,0,1,0,0,0,0
525,5,0,2,2,0,0,0,0,0,0,0,0,0,Low,0,0,0,0,0,0,1,0,0,0,1,0,0,0,0
526,4,0,2,2,0,0,0,0,0,0,0,0,0,Low,0,0,0,0,0,0,1,0,0,0,0,1,0,0,0
527,4,0,2,1,0,3,0,0,0,0,2,0,0,Low,0,0,0,0,0,0,1,0,0,0,1,0,0,0,0
528,4,0,5,0,0,1,0,3,0,1,2,1,1,Low,0,0,0,0,0,0,1,0,0,0,1,0,0,0,0
529,3,1,2,3,2,3,1,1,1,1,3,0,1,High,0,0,0,0,0,0,1,0,0,0,0,1,0,0,0
530,4,2,3,1,0,0,0,0,1,0,3,0,0,High,0,0,0,0,0,0,1,0,0,0,0,1,0,0,0
531,5,0,0,0,1,1,0,1,0,1,0,0,0,Low,0,0,0,0,0,0,1,0,0,0,1,0,0,0,0
532,5,0,1,2,0,0,1,0,0,0,0,1,0,Low,0,0,0,0,0,0,1,0,0,0,1,0,0,0,0
533,4,1,3,3,1,1,0,0,0,1,1,0,0,High,0,0,0,0,0,0,1,0,0,0,0,0,1,0,0
534,5,0,1,0,0,0,0,0,0,0,1,0,1,Low,0,0,0,0,0,0,1,0,0,0,1,0,0,0,0
535,4,1,2,3,0,0,0,0,0,0,1,0,0,Low,0,0,0,0,0,0,1,0,0,0,1,0,0,0,0
536,5,0,1,0,2,1,0,1,0,1,1,0,1,Low,0,0,0,0,0,0,1,0,0,0,0,1,0,0,0
537,4,0,1,2,2,1,0,1,0,1,0,0,0,Low,0,0,0,0,0,0,1,0,0,0,0,0,1,0,0
538,5,0,1,2,0,1,0,0,1,0,0,0,0,Low,0,0,0,0,0,0,0,1,0,0,0,0,1,0,0
539,5,0,0,0,0,2,0,1,0,0,0,0,0,Low,0,0,0,0,0,0,0,1,0,0,1,0,0,0,0
540,5,0,0,2,0,1,0,1,0,2,2,1,0,Low,0,0,0,0,0,0,1,0,0,0,1,0,0,0,0
541,4,1,3,1,0,0,0,0,0,0,0,0,0,High,0,0,0,0,0,0,1,0,0,0,1,0,0,0,0
542,4,0,4,3,1,0,2,0,0,0,0,0,0,Low,0,0,0,0,0,0,1,0,0,0,0,1,0,0,0
543,5,0,0,0,0,1,0,0,0,0,0,0,0,Low,0,0,0,0,0,0,0,0,1,0,0,0,1,0,0
544,3,0,1,2,1,1,0,1,0,0,2,0,0,Low,0,0,0,0,0,0,1,0,0,0,1,0,0,0,0
545,4,0,2,0,1,2,0,0,1,0,0,1,0,Low,0,0,0,0,0,0,0,0,1,0,0,0,1,0,0
546,5,0,2,0,0,0,0,1,0,0,0,0,0,Low,0,0,0,0,0,0,1,0,0,0,0,0,1,0,0
547,3,0,2,3,2,2,0,1,1,0,1,0,0,Low,0,0,0,0,0,0,1,0,0,0,0,1,0,0,0
548,3,2,5,4,1,4,1,0,1,1,3,1,1,Low,0,0,0,0,0,0,1,0,0,0,0,1,0,0,0
549,5,0,0,0,0,0,0,0,1,0,0,0,0,Low,0,0,0,0,0,0,0,1,0,0,1,0,0,0,0
550,5,0,0,0,0,0,0,0,1,0,1,0,0,Low,0,0,0,0,0,0,1,0,0,0,1,0,0,0,0
551,5,0,2,2,1,1,0,3,0,1,1,1,1,Low,0,0,0,0,0,0,1,0,0,0,1,0,0,0,0
552,5,0,2,3,0,0,0,0,0,0,1,0,0,Low,0,0,0,0,0,0,1,0,0,0,1,0,0,0,0
553,4,0,2,3,1,0,0,0,0,0,0,0,0,Low,0,0,0,0,0,0,1,0,0,0,0,1,0,0,0
554,5,0,0,0,1,0,0,0,1,0,0,0,1,Low,0,0,0,1,0,0,0,0,0,0,1,0,0,0,0
555,2,2,3,3,2,2,0,2,3,3,4,3,4,Low,0,0,0,0,0,0,1,0,0,0,0,0,1,0,0
556,5,0,1,1,2,0,0,0,0,0,0,0,0,Low,0,0,0,0,0,0,1,0,0,0,1,0,0,0,0
557,5,0,3,0,1,1,0,0,1,0,0,0,0,Low,0,0,0,0,0,0,1,0,0,0,1,0,0,0,0
558,5,1,1,0,1,1,0,1,0,0,0,0,1,Low,0,0,0,1,0,0,0,0,0,0,1,0,0,0,0
559,5,0,1,1,0,0,0,0,0,0,0,0,0,Low,0,0,0,0,0,0,1,0,0,0,1,0,0,0,0
560,4,0,1,1,0,0,0,2,1,0,1,1,0,Low,0,0,0,0,0,0,1,0,0,0,0,0,1,0,0
561,5,0,1,0,1,0,0,0,0,0,0,0,0,Low,0,0,0,0,0,0,1,0,0,0,1,0,0,0,0
562,5,0,0,0,0,0,0,1,1,0,0,0,1,Low,0,0,0,1,0,0,0,0,0,0,1,0,0,0,0
563,5,1,2,0,0,1,1,0,0,0,0,0,0,High,0,0,0,0,0,0,1,0,0,0,1,0,0,0,0
564,5,0,1,0,0,1,0,0,0,0,0,0,0,High,0,0,0,0,0,0,1,0,0,0,0,0,1,0,0
565,5,0,0,0,0,0,0,0,0,0,1,0,0,Low,0,0,0,0,0,0,1,0,0,0,1,0,0,0,0
566,3,2,1,2,0,3,0,0,0,0,0,0,0,Low,0,0,0,0,0,0,1,0,0,0,0,0,1,0,0
567,4,1,0,1,0,1,1,0,0,0,0,0,0,High,0,0,0,0,0,0,0,1,0,0,0,0,1,0,0
568,3,0,1,3,2,0,1,1,0,0,1,0,0,Low,0,0,0,0,0,0,1,0,0,0,0,1,0,0,0
569,3,3,4,2,1,2,1,1,0,0,0,0,0,Low,0,0,0,0,0,0,1,0,0,0,1,0,0,0,0
570,5,0,1,1,2,1,0,0,0,1,0,0,0,Low,0,0,0,0,0,0,1,0,0,0,1,0,0,0,0
571,5,0,0,0,1,0,0,0,0,0,0,0,1,Low,0,0,0,1,0,0,0,0,0,0,1,0,0,0,0
572,4,0,1,1,1,0,0,1,0,1,1,0,1,Low,0,0,0,0,0,0,1,0,0,0,0,1,0,0,0
573,3,3,4,5,3,4,0,3,0,1,1,0,2,Low,0,0,0,0,0,0,1,0,0,0,0,0,1,0,0
574,4,3,3,3,0,1,0,1,1,0,0,0,0,High,0,0,0,0,0,0,0,1,0,0,0,0,1,0,0
575,4,0,2,2,0,1,0,0,1,1,1,0,1,High,0,0,0,0,0,0,1,0,0,0,0,0,1,0,0
576,5,1,2,1,1,2,0,0,0,0,1,1,2,High,0,0,0,0,0,0,1,0,0,0,1,0,0,0,0
577,4,0,2,2,0,2,0,0,0,0,0,0,0,Low,0,0,0,0,0,0,1,0,0,0,1,0,0,0,0
578,5,0,0,1,0,1,0,0,0,0,0,0,0,Low,0,0,0,0,0,0,1,0,0,0,0,1,0,0,0
579,5,1,2,2,0,1,0,0,3,0,3,2,1,Low,0,0,0,0,0,0,1,0,0,0,0,0,1,0,0
580,2,3,4,4,0,2,1,0,0,0,1,0,0,Low,0,0,0,0,0,0,0,1,0,0,0,0,1,0,0
581,4,2,0,2,0,2,0,0,0,0,0,0,0,Low,0,0,0,0,0,0,1,0,0,0,0,0,1,0,0
582,4,1,0,2,0,0,0,1,0,0,2,0,0,High,0,0,0,0,0,0,1,0,0,0,1,0,0,0,0
583,5,0,0,0,0,1,0,0,0,0,1,0,0,Low,0,0,0,0,0,0,1,0,0,0,1,0,0,0,0
584,5,0,1,1,1,0,0,0,0,0,0,0,0,Low,0,0,0,0,0,0,1,0,0,0,0,1,0,0,0
585,3,1,2,1,1,0,0,1,1,1,1,0,1,High,0,0,0,1,0,0,0,0,0,0,1,0,0,0,0
586,5,0,2,0,2,1,0,0,0,0,1,0,0,Low,0,0,0,1,0,0,0,0,0,0,1,0,0,0,0
587,5,1,0,1,1,1,0,0,2,0,0,0,1,Low,0,0,0,0,0,0,1,0,0,0,0,1,0,0,0
588,5,0,2,0,0,0,0,0,0,0,1,0,1,Low,0,0,0,0,0,0,1,0,0,0,1,0,0,0,0
589,5,0,1,0,0,0,0,0,0,0,0,0,0,Low,0,0,0,0,0,0,1,0,0,0,0,1,0,0,0
590,5,0,0,0,1,0,0,0,0,0,1,0,0,High,0,0,0,0,0,0,1,0,0,0,0,1,0,0,0
591,4,1,3,4,2,1,1,1,0,0,2,1,0,Low,0,0,0,0,0,0,1,0,0,0,0,1,0,0,0
592,5,1,1,2,0,1,0,1,0,0,1,0,1,Low,0,0,0,0,0,0,1,0,0,0,0,1,0,0,0
593,4,2,2,2,0,2,1,2,1,0,2,0,0,Low,0,0,0,0,0,0,1,0,0,0,0,1,0,0,0
594,5,0,0,1,0,1,0,0,0,0,1,0,1,High,0,0,0,0,0,0,1,0,0,0,1,0,0,0,0
595,5,0,1,0,0,0,0,1,0,0,0,0,0,Low,0,0,0,1,0,0,0,0,0,0,1,0,0,0,0
596,5,0,1,0,1,1,0,1,0,0,0,0,0,High,0,0,0,1,0,0,0,0,0,0,1,0,0,0,0
597,4,1,1,2,1,0,0,0,0,0,1,0,0,Low,0,0,0,1,0,0,0,0,0,0,0,0,1,0,0
598,4,0,2,2,0,0,0,0,1,0,1,0,0,Low,0,0,0,0,0,0,0,1,0,0,1,0,0,0,0
599,5,0,2,0,2,2,0,0,0,0,0,0,0,Low,0,0,0,1,0,0,0,0,0,0,1,0,0,0,0
600,5,0,1,1,0,2,0,0,0,0,0,0,1,Low,0,0,0,0,1,0,0,0,0,0,0,0,0,1,0
601,4,1,2,2,1,1,0,1,0,0,0,0,0,Low,0,0,0,0,0,0,1,0,0,0,0,0,1,0,0
602,4,0,2,2,0,0,0,1,0,0,0,0,1,Low,0,0,0,0,0,0,1,0,0,0,1,0,0,0,0
603,4,0,1,2,0,1,0,0,0,0,0,0,0,Low,0,0,0,0,0,0,1,0,0,0,0,1,0,0,0
604,5,1,0,1,0,0,0,0,0,0,0,0,0,High,0,0,0,0,1,0,0,0,0,0,0,0,0,1,0
605,3,1,3,2,0,0,0,1,1,0,0,0,0,Low,0,0,0,0,0,0,1,0,0,0,0,1,0,0,0
606,3,2,1,1,1,1,0,1,1,1,1,0,0,Low,0,0,0,0,0,0,1,0,0,0,0,1,0,0,0
607,5,0,0,0,1,0,0,1,0,0,0,0,0,Low,0,0,0,0,0,0,1,0,0,0,1,0,0,0,0
608,4,0,3,3,0,1,0,0,0,0,1,0,0,Low,0,0,0,0,0,0,1,0,0,0,1,0,0,0,0
609,5,0,1,1,1,1,0,0,0,0,0,0,0,Low,0,0,0,0,0,0,1,0,0,0,1,0,0,0,0
610,3,0,3,4,2,3,0,1,0,2,1,1,2,High,0,0,0,0,0,0,1,0,0,0,0,1,0,0,0
611,5,0,1,0,0,0,0,0,0,0,1,0,0,Low,0,0,0,0,0,0,1,0,0,0,1,0,0,0,0
612,5,0,1,0,2,1,0,0,0,0,1,0,0,Low,0,0,0,0,0,0,1,0,0,0,1,0,0,0,0
613,4,0,1,3,2,2,0,2,0,0,2,0,1,Low,0,0,0,0,0,0,1,0,0,0,0,0,1,0,0
614,4,0,1,2,3,0,0,1,0,0,0,0,0,Low,0,0,0,0,0,0,0,1,0,0,1,0,0,0,0
615,5,0,1,1,0,0,0,0,0,0,0,0,1,Low,0,0,0,0,0,0,0,1,0,0,1,0,0,0,0
616,5,1,1,0,0,0,0,0,0,0,0,0,0,Low,0,0,0,0,0,0,1,0,0,0,1,0,0,0,0
617,4,1,0,2,1,2,0,1,3,2,1,0,2,Low,0,1,0,0,0,0,0,0,0,0,0,1,0,0,0
618,5,2,0,0,0,1,0,0,0,0,0,0,1,Low,0,0,0,0,0,0,1,0,0,0,0,1,0,0,0
619,3,1,0,2,1,1,0,0,0,0,0,0,0,Low,0,0,0,0,0,0,1,0,0,0,1,0,0,0,0
620,4,0,3,0,1,2,0,2,0,0,3,0,0,Low,0,0,0,0,0,0,1,0,0,0,1,0,0,0,0
621,5,0,1,1,0,0,0,1,0,1,1,0,0,Low,0,0,0,0,0,0,1,0,0,0,0,1,0,0,0
622,5,0,1,0,1,3,0,0,0,0,0,0,0,Low,0,0,0,0,0,0,1,0,0,0,1,0,0,0,0
623,5,0,0,0,1,0,0,0,0,0,0,0,0,Low,0,0,0,0,1,0,0,0,0,0,0,0,0,1,0
624,4,0,2,3,0,0,0,0,0,0,1,0,0,Low,0,0,0,0,0,0,1,0,0,0,1,0,0,0,0
625,3,1,3,3,2,2,0,3,2,1,1,0,1,Low,0,0,0,0,0,0,0,1,0,0,0,0,1,0,0
626,4,1,1,4,0,3,0,0,1,0,3,0,1,Low,0,0,0,0,0,0,0,1,0,0,0,0,1,0,0
627,3,2,2,2,1,3,0,1,1,0,1,1,0,High,0,0,0,0,0,0,1,0,0,0,0,1,0,0,0
628,5,0,0,0,0,0,0,1,0,0,0,0,1,Low,0,0,0,0,0,0,1,0,0,0,1,0,0,0,0
629,4,1,2,2,0,1,0,0,0,0,1,0,0,High,0,0,0,0,0,0,1,0,0,0,0,0,1,0,0
630,5,0,2,2,1,1,0,0,0,0,0,0,0,High,0,0,0,0,0,0,1,0,0,0,0,1,0,0,0
631,5,0,1,0,0,1,0,1,0,0,1,0,0,Low,0,0,0,1,0,0,0,0,0,0,1,0,0,0,0
632,4,0,2,2,0,0,1,1,0,0,1,0,0,Low,0,0,0,0,0,0,1,0,0,0,1,0,0,0,0
633,4,0,4,4,0,2,0,1,0,0,1,0,0,High,0,0,0,0,0,0,1,0,0,0,1,0,0,0,0
634,5,1,1,2,0,1,0,0,0,0,1,0,0,Low,0,0,0,0,0,0,1,0,0,0,1,0,0,0,0
635,5,0,2,0,0,1,0,0,0,0,0,0,0,Low,0,0,0,0,0,0,1,0,0,0,1,0,0,0,0
636,4,1,2,0,1,1,0,0,1,1,1,1,0,High,0,0,0,0,0,0,1,0,0,0,0,0,1,0,0
637,4,1,1,2,0,2,0,0,0,0,0,0,0,High,0,0,0,0,0,0,1,0,0,0,0,0,1,0,0
638,5,0,1,1,0,0,0,1,0,0,2,0,0,Low,0,0,0,0,0,0,1,0,0,0,1,0,0,0,0
639,4,0,2,1,0,1,0,1,0,0,1,0,0,Low,0,0,0,0,0,0,1,0,0,0,0,1,0,0,0
640,5,0,2,1,1,0,0,0,0,0,0,0,0,Low,0,0,0,0,0,0,1,0,0,0,1,0,0,0,0
641,4,1,3,2,1,0,0,1,1,0,1,0,0,Low,0,0,0,0,0,0,1,0,0,0,1,0,0,0,0
642,4,0,2,4,0,2,0,2,2,0,1,0,2,Low,0,0,0,0,0,0,1,0,0,0,0,0,1,0,0
643,5,0,1,1,0,1,0,0,0,0,1,0,0,Low,0,0,0,0,0,0,1,0,0,0,1,0,0,0,0
644,5,0,0,1,2,1,0,0,0,0,0,0,0,Low,0,0,0,0,1,0,0,0,0,0,0,0,0,1,0
645,3,3,4,1,3,1,1,2,2,0,2,0,0,Low,0,0,0,0,0,0,1,0,0,0,0,1,0,0,0
646,3,1,2,2,1,0,0,2,1,0,2,0,0,Low,0,0,0,0,0,0,1,0,0,0,0,1,0,0,0
647,5,0,1,0,0,0,0,0,0,0,0,0,0,Low,0,0,0,0,0,0,1,0,0,0,1,0,0,0,0
648,4,0,0,0,2,1,0,0,0,1,1,0,1,Low,0,0,0,0,0,0,1,0,0,0,1,0,0,0,0
649,5,0,0,1,0,1,0,0,0,0,0,0,0,Low,0,0,0,0,0,0,1,0,0,0,0,1,0,0,0
650,4,0,1,0,0,2,0,2,1,0,1,0,0,Low,0,0,0,0,0,0,1,0,0,0,0,1,0,0,0
651,3,1,4,2,1,2,0,2,2,0,1,1,1,Low,0,0,0,0,0,0,1,0,0,0,0,1,0,0,0
652,5,0,1,1,0,0,0,2,0,0,0,1,0,Low,0,0,0,0,0,0,1,0,0,0,1,0,0,0,0
653,3,0,2,2,1,0,0,0,0,0,1,0,0,High,0,0,0,0,0,0,1,0,0,0,1,0,0,0,0
654,5,0,0,0,0,0,0,1,0,0,0,0,0,Low,0,0,0,0,0,0,1,0,0,0,1,0,0,0,0
655,4,1,3,5,0,0,0,2,0,0,0,0,1,High,0,0,0,0,0,0,1,0,0,0,0,0,1,0,0
656,3,1,1,2,0,0,0,0,1,0,0,1,0,High,0,0,0,0,0,0,1,0,0,0,0,0,1,0,0
657,5,0,0,0,1,1,0,0,0,0,1,0,1,Low,0,0,0,0,0,0,1,0,0,0,1,0,0,0,0
658,5,0,2,0,1,0,0,0,0,0,2,0,0,High,0,0,0,0,0,0,0,1,0,0,0,0,1,0,0
659,3,1,3,2,0,2,0,3,2,0,1,0,1,Low,0,0,0,0,0,0,1,0,0,0,0,0,1,0,0
660,4,1,3,1,1,0,0,0,0,0,1,0,0,High,0,0,0,0,0,0,0,1,0,0,0,0,1,0,0
661,5,0,1,0,0,1,0,1,0,0,1,0,0,High,0,0,0,0,0,0,1,0,0,0,1,0,0,0,0
662,5,0,1,1,2,0,0,0,1,0,0,0,1,Low,0,0,0,0,0,0,1,0,0,0,0,1,0,0,0
663,5,0,0,0,1,0,0,0,0,0,0,0,0,High,0,0,0,0,0,0,1,0,0,0,0,1,0,0,0
664,4,1,1,1,0,1,0,2,1,1,1,1,1,Low,0,0,0,0,0,0,1,0,0,0,0,1,0,0,0
665,4,1,1,1,0,0,0,1,0,0,0,0,0,High,0,0,0,0,0,0,1,0,0,0,1,0,0,0,0
666,5,0,0,1,0,1,0,0,0,0,1,1,2,Low,0,0,0,0,0,0,1,0,0,0,1,0,0,0,0
667,5,1,1,1,0,2,0,0,0,0,0,0,0,High,1,0,0,0,0,0,0,0,0,0,1,0,0,0,0
668,5,0,0,0,0,3,0,1,0,0,0,0,0,High,0,0,0,1,0,0,0,0,0,0,1,0,0,0,0
669,4,1,1,1,0,1,0,0,0,0,0,0,0,High,0,0,0,0,0,0,1,0,0,0,0,0,1,0,0
670,5,0,1,0,0,2,0,0,0,0,0,0,0,High,0,0,0,0,0,0,1,0,0,0,0,1,0,0,0
671,5,0,0,0,1,0,0,0,0,0,1,0,0,Low,0,0,0,1,0,0,0,0,0,0,1,0,0,0,0
672,5,0,1,1,1,0,0,0,0,0,0,0,0,Low,0,0,0,0,0,0,0,0,1,0,0,0,1,0,0
673,5,1,0,0,0,0,0,0,0,0,1,0,0,High,0,0,0,0,0,0,1,0,0,0,0,1,0,0,0
674,5,0,1,0,0,0,0,2,2,1,0,1,0,Low,0,0,0,0,0,0,0,1,0,0,0,0,1,0,0
675,4,2,3,2,0,3,0,2,0,0,0,1,1,Low,0,0,0,0,0,0,1,0,0,0,0,1,0,0,0
676,5,0,2,0,0,2,0,0,0,0,1,0,1,Low,0,0,0,0,0,0,1,0,0,0,1,0,0,0,0
677,5,0,0,0,0,0,0,1,0,0,1,0,0,High,0,0,0,0,0,0,1,0,0,0,1,0,0,0,0
678,4,2,2,0,0,1,0,0,0,0,0,0,1,Low,0,0,0,0,0,0,1,0,0,0,1,0,0,0,0
679,5,0,2,1,0,0,0,0,2,0,0,1,0,High,0,0,0,0,0,0,1,0,0,0,1,0,0,0,0
680,5,0,1,0,0,0,0,0,0,0,0,0,0,Low,0,0,0,0,0,0,1,0,0,0,1,0,0,0,0
681,5,0,1,0,0,1,0,0,0,0,2,0,0,High,0,0,0,0,0,0,1,0,0,1,0,0,0,0,0
682,5,0,2,0,1,0,0,0,0,0,0,0,0,High,0,0,0,0,0,0,1,0,0,0,0,1,0,0,0
683,4,0,1,3,0,2,0,1,0,1,1,0,0,Low,0,0,0,0,0,0,1,0,0,0,1,0,0,0,0
684,4,2,4,3,0,0,0,2,0,0,0,0,1,Low,0,0,0,0,0,0,1,0,0,0,1,0,0,0,0
685,5,3,0,2,0,1,0,0,0,0,0,1,0,Low,0,0,0,0,0,0,1,0,0,0,1,0,0,0,0
686,4,0,2,1,0,2,0,2,0,0,1,1,0,Low,0,0,0,0,0,0,1,0,0,0,1,0,0,0,0
687,5,1,1,1,1,0,0,0,1,1,0,0,0,Low,0,0,0,0,0,0,1,0,0,0,0,0,1,0,0
688,4,0,2,2,0,1,0,0,0,1,2,0,0,Low,0,0,0,0,0,0,1,0,0,0,1,0,0,0,0
689,5,1,1,1,1,3,0,0,0,0,1,0,0,Low,0,0,0,0,1,0,0,0,0,0,0,0,0,1,0
690,4,2,3,2,2,0,0,1,1,0,2,0,0,Low,0,0,0,0,1,0,0,0,0,0,0,0,0,1,0
691,5,0,1,1,1,1,0,1,1,0,0,0,1,High,0,0,0,0,0,0,1,0,0,0,1,0,0,0,0
692,4,0,1,2,0,0,0,1,0,0,1,0,0,Low,0,0,0,0,0,0,0,1,0,0,0,0,1,0,0
693,5,0,1,1,2,0,0,1,1,0,1,1,1,Low,0,0,0,0,0,0,1,0,0,0,1,0,0,0,0
694,3,1,2,2,1,3,0,0,0,0,2,1,0,Low,0,0,0,0,0,0,1,0,0,0,0,0,1,0,0
695,5,0,1,0,0,2,0,0,0,0,0,0,0,Low,0,0,0,0,1,0,0,0,0,0,0,0,0,1,0
696,5,0,1,1,0,0,1,1,1,0,0,0,0,Low,0,0,0,0,0,0,1,0,0,0,1,0,0,0,0
697,4,0,2,0,1,1,1,0,0,0,0,0,0,Low,0,0,0,0,0,0,1,0,0,0,0,1,0,0,0
698,3,2,2,3,1,1,0,1,0,0,1,1,0,Low,0,0,0,0,0,0,0,1,0,0,0,1,0,0,0
699,4,0,1,2,0,0,0,1,1,0,1,0,0,Low,0,0,0,0,0,0,1,0,0,0,0,0,1,0,0
700,5,0,0,2,0,1,0,1,0,0,0,0,0,Low,0,0,0,0,0,0,0,1,0,0,0,1,0,0,0
701,4,1,1,2,2,3,0,0,1,2,2,1,1,Low,0,0,0,0,0,0,1,0,0,0,0,1,0,0,0
702,3,2,2,2,0,2,0,0,1,0,1,0,0,High,0,0,0,0,0,0,0,1,0,0,0,0,1,0,0
703,5,0,1,1,0,1,0,1,0,0,1,0,0,High,0,0,0,0,0,0,1,0,0,0,1,0,0,0,0
704,5,0,1,0,1,1,0,0,1,1,0,0,0,Low,0,0,0,0,0,0,1,0,0,0,1,0,0,0,0
705,5,0,0,3,0,1,0,1,0,0,0,0,0,Low,0,0,0,0,0,0,1,0,0,0,1,0,0,0,0
706,5,0,1,0,1,0,0,0,0,0,1,0,0,High,0,0,0,0,0,0,1,0,0,0,1,0,0,0,0
707,4,0,4,3,0,2,0,0,0,0,0,0,0,High,0,0,0,0,0,0,1,0,0,0,0,1,0,0,0
708,4,0,1,1,0,0,1,0,0,0,0,1,0,Low,0,0,0,0,0,0,1,0,0,0,0,1,0,0,0
709,4,1,0,2,1,0,0,1,0,1,1,0,1,Low,0,0,0,0,0,0,1,0,0,0,1,0,0,0,0
710,5,0,0,2,0,0,0,0,0,0,1,1,0,High,0,0,0,0,0,0,1,0,0,0,1,0,0,0,0
711,5,0,0,2,1,0,0,1,0,0,1,0,0,Low,0,0,0,0,0,0,1,0,0,0,0,1,0,0,0
712,5,0,1,1,1,2,0,1,1,0,0,0,0,Low,0,0,0,0,0,0,1,0,0,0,1,0,0,0,0
713,4,0,2,2,0,3,0,1,1,0,3,0,1,High,0,0,0,0,0,0,1,0,0,0,0,1,0,0,0
714,4,0,3,2,0,1,0,1,1,0,1,1,0,High,0,0,0,0,0,0,1,0,0,0,1,0,0,0,0
715,4,2,2,1,0,2,0,2,0,1,1,1,1,High,0,0,0,0,0,0,0,1,0,0,0,0,1,0,0
716,5,0,0,0,1,0,0,0,1,0,1,0,0,Low,0,0,0,0,0,0,1,0,0,0,1,0,0,0,0
717,5,0,1,1,0,0,0,1,0,0,0,0,0,Low,0,0,0,0,0,0,1,0,0,0,0,1,0,0,0
718,5,0,0,0,1,0,0,0,0,0,0,0,1,Low,0,0,0,0,0,0,1,0,0,0,1,0,0,0,0
719,5,0,0,0,0,1,0,0,0,0,0,0,0,Low,0,0,0,1,0,0,0,0,0,1,0,0,0,0,0
720,5,0,1,0,1,0,0,0,0,0,0,0,0,Low,0,0,0,0,0,0,1,0,0,0,1,0,0,0,0
721,5,0,1,1,0,0,0,1,0,0,0,0,0,Low,0,0,0,0,0,0,1,0,0,0,1,0,0,0,0
722,5,1,0,0,0,0,0,0,0,0,0,0,0,High,0,0,0,0,0,0,1,0,0,0,1,0,0,0,0
723,5,0,0,0,1,0,0,0,0,0,0,0,0,Low,0,0,0,0,0,0,1,0,0,0,1,0,0,0,0
724,5,1,1,2,0,2,0,0,0,0,1,0,0,Low,0,0,0,0,0,0,1,0,0,0,1,0,0,0,0
725,5,0,1,0,0,1,0,0,1,0,0,0,0,Low,0,0,0,1,0,0,0,0,0,0,1,0,0,0,0
726,4,2,1,1,0,0,0,2,1,0,1,0,1,Low,0,0,0,0,0,0,1,0,0,0,1,0,0,0,0
727,4,1,1,2,0,0,1,0,1,2,2,0,1,Low,0,0,0,0,0,0,1,0,0,0,0,1,0,0,0
728,3,1,4,4,1,2,0,0,1,0,3,0,0,High,0,0,0,0,0,0,0,0,1,0,0,1,0,0,0
729,4,1,1,3,0,1,0,1,0,0,0,1,0,Low,0,0,0,0,0,0,1,0,0,0,0,1,0,0,0
730,5,0,1,0,0,0,0,0,0,0,1,0,0,Low,0,0,0,0,0,0,1,0,0,0,0,1,0,0,0
731,5,0,1,1,0,2,0,1,1,0,1,0,0,Low,0,0,0,0,0,0,1,0,0,0,1,0,0,0,0
732,5,0,2,1,0,0,0,0,0,0,1,0,0,High,0,0,0,0,0,0,1,0,0,0,1,0,0,0,0
733,5,0,1,0,0,0,0,1,0,0,1,0,0,High,0,0,0,0,0,0,1,0,0,0,1,0,0,0,0
734,4,0,1,0,1,0,0,0,0,0,0,0,1,High,0,0,0,0,0,0,1,0,0,0,1,0,0,0,0
735,4,1,2,1,0,0,0,0,1,0,0,0,0,Low,0,0,0,0,0,0,0,1,0,0,0,0,1,0,0
736,5,0,1,1,0,0,0,0,0,0,1,0,1,High,0,0,0,0,0,0,1,0,0,0,0,1,0,0,0
737,4,1,0,1,0,0,0,2,0,1,2,0,1,High,0,0,0,0,0,0,1,0,0,0,0,1,0,0,0
738,5,1,3,0,0,1,1,0,0,0,0,0,0,Low,0,0,0,0,0,0,1,0,0,0,0,0,1,0,0
739,4,0,2,0,1,0,0,1,1,0,1,0,1,Low,0,0,0,0,0,0,1,0,0,0,0,0,1,0,0
740,4,2,2,0,1,0,0,1,1,1,0,0,1,Low,0,0,0,0,0,0,1,0,0,0,0,1,0,0,0
741,4,1,1,1,0,1,0,1,0,1,1,1,1,Low,0,0,0,0,0,0,1,0,0,0,1,0,0,0,0
742,5,0,2,1,0,0,0,0,2,0,2,2,0,Low,0,0,0,0,0,0,1,0,0,0,1,0,0,0,0
743,4,0,1,3,0,0,0,0,1,0,2,0,0,Low,0,0,0,0,0,0,1,0,0,0,0,1,0,0,0
744,5,0,1,0,0,0,0,0,0,1,0,0,0,High,0,0,0,0,0,0,1,0,0,0,1,0,0,0,0
745,5,1,2,1,0,0,0,0,1,0,1,1,1,High,0,0,0,0,0,0,1,0,0,0,0,0,1,0,0
746,4,0,2,1,0,0,0,0,0,1,0,0,1,High,0,0,0,0,0,0,1,0,0,0,0,0,1,0,0
747,4,0,2,1,0,1,1,3,0,1,2,0,1,Low,0,0,0,0,0,0,1,0,0,0,1,0,0,0,0
748,4,0,2,1,0,0,0,0,0,0,0,0,0,High,0,0,0,0,1,0,0,0,0,0,0,0,0,1,0
749,5,0,1,0,0,0,0,1,0,0,0,0,0,Low,0,0,0,0,1,0,0,0,0,0,0,0,0,1,0
750,5,0,1,0,1,0,0,0,0,0,0,0,0,Low,0,0,0,0,0,0,1,0,0,0,1,0,0,0,0
751,3,3,3,3,1,2,0,1,0,2,0,1,2,Low,0,0,0,0,0,0,0,0,1,0,0,0,1,0,0
752,5,0,0,1,1,0,0,0,0,0,1,0,0,Low,0,0,0,0,0,0,0,0,1,0,1,0,0,0,0
753,5,0,2,0,1,1,0,0,0,0,0,0,0,High,0,0,0,0,1,0,0,0,0,0,0,0,0,1,0
754,5,0,0,0,2,1,0,0,1,0,0,0,1,High,0,0,0,0,0,0,1,0,0,0,1,0,0,0,0
755,5,0,1,0,2,0,0,1,1,0,1,0,2,Low,0,0,0,0,0,0,1,0,0,0,1,0,0,0,0
756,4,1,1,0,0,1,0,2,1,1,0,0,0,Low,0,0,0,0,0,0,1,0,0,0,1,0,0,0,0
757,4,0,1,2,0,0,0,2,0,0,0,0,0,Low,0,0,0,0,0,0,1,0,0,0,0,1,0,0,0
758,4,1,2,2,0,1,0,0,1,0,1,0,0,Low,0,0,0,0,0,0,0,1,0,0,0,0,1,0,0
759,5,0,1,0,0,1,0,0,0,0,0,0,1,High,0,0,0,0,0,0,1,0,0,0,0,1,0,0,0
760,3,0,2,1,2,1,0,0,2,1,1,1,0,Low,0,0,0,0,1,0,0,0,0,0,0,0,0,1,0
761,3,3,1,2,0,0,0,1,0,0,1,0,0,Low,0,0,0,0,0,0,0,1,0,0,0,0,1,0,0
762,3,0,2,0,2,1,0,0,1,0,0,0,0,Low,0,0,0,0,0,0,1,0,0,0,1,0,0,0,0
763,3,2,3,1,0,1,0,0,0,2,2,0,0,Low,0,0,0,0,0,0,1,0,0,0,1,0,0,0,0
764,5,0,1,0,0,0,0,0,1,1,0,0,1,High,0,0,0,0,0,0,1,0,0,0,1,0,0,0,0
765,4,0,2,1,0,1,0,0,0,1,1,0,0,High,0,0,0,0,0,0,0,1,0,0,0,0,1,0,0
766,5,0,1,0,0,0,0,1,0,0,0,0,0,Low,0,0,0,0,0,0,1,0,0,0,0,1,0,0,0
767,3,2,1,0,1,0,0,0,0,0,1,0,0,High,0,0,0,0,0,0,0,1,0,0,0,0,1,0,0
768,5,0,0,0,0,1,0,0,0,0,2,0,0,Low,0,0,0,0,0,0,1,0,0,0,1,0,0,0,0
769,5,0,2,1,1,0,0,0,0,0,1,1,0,Low,0,0,0,0,0,0,1,0,0,0,0,0,1,0,0
770,5,0,0,1,0,0,0,0,0,0,0,0,0,Low,0,0,0,0,0,0,1,0,0,0,0,1,0,0,0
771,5,1,1,0,0,1,0,0,0,0,0,0,0,Low,0,0,0,0,0,0,1,0,0,0,0,1,0,0,0
772,5,0,1,0,0,0,0,0,0,0,0,0,0,Low,0,0,0,0,0,0,1,0,0,0,0,1,0,0,0
773,5,1,0,1,1,2,0,0,0,0,0,0,0,Low,0,0,0,0,0,0,1,0,0,0,0,1,0,0,0
774,5,0,1,0,1,1,0,0,0,0,2,0,0,Low,0,0,0,0,0,0,1,0,0,0,0,1,0,0,0
775,4,1,2,0,0,2,0,1,0,0,0,0,1,Low,0,0,0,0,0,0,1,0,0,0,0,1,0,0,0
776,3,1,2,1,1,1,0,0,0,0,0,0,0,Low,0,0,0,0,1,0,0,0,0,0,0,0,0,1,0
777,5,0,1,0,2,1,0,0,0,0,0,0,0,High,0,0,0,0,0,0,1,0,0,0,0,1,0,0,0
778,5,0,0,0,0,1,0,0,0,1,1,0,0,High,0,0,0,0,0,0,1,0,0,1,0,0,0,0,0
779,5,0,1,1,0,1,0,0,0,1,1,1,0,Low,0,0,0,0,0,0,1,0,0,0,0,1,0,0,0
780,4,1,1,0,1,1,1,0,0,0,0,0,1,Low,0,0,0,0,0,0,0,0,1,0,0,0,1,0,0
781,3,1,2,1,1,0,0,0,1,0,0,0,1,High,0,0,0,0,1,0,0,0,0,0,0,0,0,1,0
782,5,0,0,1,1,0,0,1,0,0,1,0,0,Low,0,0,0,1,0,0,0,0,0,0,1,0,0,0,0
783,4,0,1,1,0,0,0,1,0,0,1,0,0,High,0,0,0,0,0,0,1,0,0,0,1,0,0,0,0
784,4,0,0,2,0,0,0,1,0,0,0,0,0,Low,0,0,0,0,0,0,1,0,0,0,1,0,0,0,0
785,5,0,0,0,0,0,0,0,0,0,0,0,1,Low,0,0,0,1,0,0,0,0,0,0,0,0,1,0,0
786,4,2,1,0,1,0,0,0,0,0,1,0,0,Low,0,0,0,0,0,1,0,0,0,0,0,0,1,0,0
787,5,0,1,0,1,0,0,0,0,0,0,0,0,Low,0,0,0,0,1,0,0,0,0,0,0,0,0,1,0
788,5,0,0,2,2,0,0,2,0,0,0,0,0,Low,0,0,0,0,0,0,1,0,0,0,1,0,0,0,0
789,4,0,0,1,0,0,0,1,1,1,1,1,0,Low,0,0,0,0,0,0,1,0,0,0,1,0,0,0,0
790,5,0,0,0,2,0,0,0,0,0,1,0,0,High,0,0,0,0,0,0,1,0,0,0,1,0,0,0,0
791,4,1,2,2,0,2,0,0,0,0,3,1,0,High,0,0,0,0,0,0,1,0,0,0,0,0,1,0,0
792,4,0,1,2,0,0,0,1,0,0,0,0,0,Low,0,0,0,0,0,0,1,0,0,0,1,0,0,0,0
793,5,0,1,1,0,0,0,0,0,0,1,0,0,Low,0,0,0,0,0,0,1,0,0,0,0,0,1,0,0
794,4,1,0,0,0,0,0,0,0,1,1,0,1,Low,0,0,0,0,0,0,1,0,0,0,0,0,0,0,1
795,5,0,1,0,1,0,0,0,1,0,0,0,1,Low,0,0,0,0,0,0,1,0,0,0,0,1,0,0,0
796,5,0,0,0,0,0,0,1,1,0,0,0,0,High,0,0,0,0,0,0,1,0,0,0,0,1,0,0,0
797,5,0,0,0,1,0,0,0,0,1,1,1,0,Low,0,0,0,0,0,0,1,0,0,0,0,1,0,0,0
798,5,0,1,1,0,0,0,0,0,0,0,0,0,Low,0,0,0,0,0,0,1,0,0,0,0,1,0,0,0
799,5,0,0,0,1,1,0,0,0,1,1,0,0,High,0,0,0,1,0,0,0,0,0,1,0,0,0,0,0
800,4,0,0,1,0,0,0,0,0,0,1,1,0,Low,0,0,0,0,0,0,1,0,0,0,0,1,0,0,0
801,5,0,0,0,1,0,0,0,0,0,0,0,0,Low,0,0,0,1,0,0,0,0,0,0,1,0,0,0,0
802,3,1,2,1,1,1,0,1,1,0,1,1,0,Low,0,0,0,1,0,0,0,0,0,0,1,0,0,0,0
803,5,0,0,1,0,0,0,0,0,1,0,0,0,Low,0,0,0,0,0,0,1,0,0,0,1,0,0,0,0
804,4,0,0,1,0,0,0,1,1,0,0,0,0,Low,0,0,0,0,0,0,1,0,0,0,0,0,1,0,0
805,5,0,1,0,0,1,0,0,1,0,0,0,0,Low,0,0,0,0,0,0,1,0,0,0,0,1,0,0,0
806,5,0,2,0,0,0,0,0,1,0,1,0,0,Low,0,0,0,1,0,0,0,0,0,0,1,0,0,0,0
807,3,1,1,1,0,1,0,1,1,0,1,1,0,Low,0,0,0,0,0,0,1,0,0,0,0,0,1,0,0
808,5,0,0,0,0,0,0,1,0,1,0,1,0,High,0,0,0,1,0,0,0,0,0,0,1,0,0,0,0
809,4,0,1,1,0,0,0,1,0,0,0,0,0,Low,0,0,0,0,1,0,0,0,0,0,0,0,0,1,0
810,5,0,1,0,0,0,0,0,0,0,0,0,0,Low,0,0,0,0,1,0,0,0,0,0,0,0,0,1,0
811,4,1,1,1,0,0,0,0,0,0,2,0,0,High,0,0,0,1,0,0,0,0,0,0,0,1,0,0,0
812,5,1,2,1,0,0,0,0,0,0,0,0,0,Low,0,0,0,0,0,0,1,0,0,0,0,1,0,0,0
813,5,0,1,1,0,0,0,0,0,0,0,0,0,Low,0,0,0,0,0,0,1,0,0,0,0,0,1,0,0
814,4,0,1,0,0,1,0,1,0,0,0,0,0,Low,0,0,0,0,0,0,0,1,0,0,0,0,1,0,0
815,5,0,0,0,0,0,0,0,0,0,1,0,0,High,0,0,0,0,0,0,1,0,0,0,1,0,0,0,0
816,5,1,0,0,0,0,0,0,0,0,0,0,0,High,0,0,0,0,1,0,0,0,0,0,0,0,0,1,0
817,5,0,2,0,0,0,0,0,0,0,0,0,0,High,0,0,0,1,0,0,0,0,0,0,1,0,0,0,0
818,3,1,1,0,0,1,0,0,0,1,0,0,1,Low,0,0,0,0,0,0,1,0,0,0,1,0,0,0,0
819,3,1,2,1,1,2,1,0,0,2,0,0,0,Low,0,0,0,0,0,0,1,0,0,0,1,0,0,0,0
820,3,0,1,1,1,0,0,0,0,0,1,0,0,Low,0,0,0,0,0,0,0,1,0,0,0,0,1,0,0
821,5,0,0,0,0,1,0,0,0,0,1,0,0,Low,0,0,0,0,1,0,0,0,0,0,0,0,0,1,0
822,3,0,1,1,1,0,0,1,1,0,0,1,0,Low,0,0,0,0,0,0,0,1,0,0,0,1,0,0,0
823,4,1,0,1,1,1,0,0,0,0,0,0,0,High,0,0,0,0,0,0,1,0,0,0,0,0,1,0,0
824,5,0,0,0,0,0,1,0,0,0,0,0,0,High,0,0,0,0,0,0,1,0,0,0,1,0,0,0,0
825,4,0,1,0,1,1,0,1,1,0,0,1,1,Low,0,0,0,0,0,0,0,1,0,0,0,0,1,0,0
826,4,0,0,1,0,0,0,0,0,0,1,0,0,Low,0,0,0,1,0,0,0,0,0,0,1,0,0,0,0
827,3,1,1,0,1,0,0,1,0,1,0,0,0,Low,0,0,0,0,0,0,0,1,0,0,1,0,0,0,0
828,4,0,0,0,1,1,0,0,0,0,0,0,1,High,0,0,0,0,0,0,0,0,1,0,0,1,0,0,0
829,5,0,1,0,0,0,0,0,0,0,0,0,0,High,0,0,0,0,1,0,0,0,0,0,0,0,0,1,0
830,5,0,1,0,0,0,0,0,0,0,0,0,0,Low,0,0,0,0,0,0,0,1,0,0,0,0,1,0,0
831,5,1,0,0,0,0,0,0,0,0,1,0,0,Low,0,0,0,0,0,0,0,0,1,0,0,0,1,0,0
832,3,1,1,1,0,0,0,0,0,0,0,0,0,High,0,0,0,0,0,0,1,0,0,0,0,1,0,0,0
833,3,1,0,1,1,1,0,1,1,0,2,0,0,Low,0,0,0,0,0,0,0,1,0,0,0,1,0,0,0
834,3,0,0,1,0,0,0,1,0,1,1,1,0,Low,0,0,0,0,1,0,0,0,0,0,0,0,0,1,0
835,4,0,0,0,0,1,0,1,1,0,1,1,1,Low,0,0,0,0,0,0,1,0,0,0,0,0,1,0,0
836,5,0,0,1,0,1,0,0,0,0,0,0,0,High,0,0,0,0,1,0,0,0,0,0,0,0,0,1,0
837,3,1,1,2,1,1,0,1,0,1,0,0,0,Low,0,0,0,0,0,0,1,0,0,0,1,0,0,0,0
838,3,2,1,2,0,1,0,1,1,0,2,0,0,High,0,0,0,0,0,0,1,0,0,0,0,0,1,0,0
839,3,0,1,1,1,0,0,1,0,0,0,1,0,Low,0,0,0,0,1,0,0,0,0,0,0,0,0,1,0
840,5,0,0,0,0,0,0,0,0,0,0,0,1,Low,0,0,0,0,0,0,1,0,0,0,1,0,0,0,0
841,5,0,0,1,0,0,0,1,0,0,0,0,0,Low,0,0,0,0,0,0,1,0,0,0,1,0,0,0,0
842,4,1,0,0,0,0,0,0,0,0,0,0,0,High,0,0,0,0,0,0,0,1,0,0,0,1,0,0,0
843,5,0,0,0,0,0,0,0,0,0,1,0,0,Low,0,0,0,0,0,0,1,0,0,0,1,0,0,0,0
844,4,0,2,1,0,1,0,0,0,0,0,0,0,Low,0,0,0,0,1,0,0,0,0,0,0,0,0,1,0
845,5,0,0,1,0,0,0,0,1,0,1,1,0,Low,0,0,0,0,1,0,0,0,0,0,0,0,0,1,0
846,3,1,1,1,0,1,1,0,1,1,0,1,0,Low,0,0,0,0,1,0,0,0,0,0,0,0,0,1,0
847,5,0,1,0,0,0,0,0,0,0,0,0,0,High,0,0,0,0,1,0,0,0,0,0,0,0,0,1,0
848,4,0,1,1,0,0,0,0,0,0,0,0,0,High,0,0,0,0,0,1,0,0,0,0,0,0,1,0,0
849,4,0,1,1,0,1,0,0,1,0,0,0,0,Low,0,0,0,0,0,0,1,0,0,0,0,1,0,0,0
850,3,0,1,1,0,0,0,1,0,0,0,0,0,High,0,0,0,0,0,0,0,1,0,0,0,0,1,0,0
851,5,0,0,1,0,0,0,0,0,0,0,0,0,Low,0,0,0,0,1,0,0,0,0,0,0,0,0,1,0
852,4,2,0,1,0,1,0,0,0,0,0,0,0,High,0,0,0,0,0,0,1,0,0,0,0,1,0,0,0
853,5,1,1,0,0,0,0,0,0,0,0,0,0,Low,0,0,0,0,1,0,0,0,0,0,0,0,0,1,0
854,5,0,1,1,0,0,0,0,0,0,0,0,0,Low,0,0,0,0,0,0,1,0,0,0,0,1,0,0,0
855,4,0,1,0,0,1,0,0,0,0,0,0,0,Low,0,0,0,0,0,0,1,0,0,0,0,0,1,0,0
856,5,0,0,2,0,0,0,0,0,1,0,0,0,Low,0,0,0,0,0,0,1,0,0,0,1,0,0,0,0
857,5,0,0,1,1,0,0,1,0,0,0,0,0,Low,0,0,0,0,0,0,1,0,0,0,1,0,0,0,0
858,2,1,1,1,0,1,0,1,0,0,0,0,0,High,0,0,0,0,1,0,0,0,0,0,0,0,0,1,0
859,4,0,1,0,1,0,0,0,1,0,0,0,0,High,0,0,0,0,1,0,0,0,0,0,0,0,0,1,0
860,4,1,0,0,0,0,0,0,0,0,0,0,0,High,0,0,0,1,0,0,0,0,0,0,1,0,0,0,0
861,4,0,1,1,0,1,0,0,0,0,0,0,1,Low,0,0,0,0,0,0,1,0,0,0,0,1,0,0,0
862,5,0,1,0,0,0,0,0,0,0,0,0,0,Low,0,0,0,0,0,0,1,0,0,0,0,0,1,0,0
863,5,0,1,0,0,1,0,0,0,0,0,0,0,Low,0,0,0,0,0,0,1,0,0,0,1,0,0,0,0
864,5,0,0,0,1,0,0,0,0,0,1,0,0,High,0,0,0,0,0,0,1,0,0,0,0,1,0,0,0
865,5,0,1,0,0,0,0,0,0,0,0,0,0,High,0,0,0,1,0,0,0,0,0,0,1,0,0,0,0
