facility_id,inspection_date,inspection_score,rating,total_ratings
FA0001543,2017-03-02,80,4.5,323
FA0002027,2018-09-28,0,4.5,1160
FA0002162,2019-03-15,35,4.1,174
FA0001624,2018-02-14,0,4.3,628
FA0003535,2019-02-14,50,4.3,578
FA0002527,2018-11-05,30,4.5,125
FA0004954,2016-07-22,3,4.6,2226
FA0000582,2016-04-28,89,4.6,573
FA0004976,2018-07-05,35,3.7,114
FA0000841,2018-03-09,0,3.4,1062
FA0004647,2014-12-10,15,4.4,729
FA0002383,2013-10-08,102,4.6,134
FA0001641,2017-01-10,10,4.1,299
FA0000673,2014-01-16,25,3.7,178
FA0000414,2018-02-16,65,4.7,87
FA0004497,2017-12-20,60,4.1,469
FA0003769,2015-01-15,25,4.1,920
FA0000973,2015-02-05,10,3.8,111
FA0002497,2016-02-17,2,4,83
FA0003813,2013-02-22,0,4.8,354
FA0002863,2019-01-03,0,4.4,454
FA0001234,2015-01-06,2,4.2,101
FA0002699,2017-03-02,100,4.2,246
FA0000872,2014-08-18,31,4,194
FA0000421,2017-04-18,15,4.4,158
FA0004518,2019-12-09,5,4.5,437
FA0002021,2013-11-21,0,4.6,1321
FA0002873,2019-10-16,25,4.5,186
FA0000391,2019-05-14,45,4.2,229
FA0000360,2016-07-19,26,4.5,281
FA0002869,2016-05-09,0,3.6,340
FA0000898,2019-01-22,65,4.3,113
FA0001243,2016-08-24,25,4.5,488
FA0002629,2014-06-17,15,4.3,67
FA0004498,2013-11-14,21,3.9,114
FA0001322,2014-05-06,45,4.3,128
FA0001514,2016-10-11,2,4,392
FA0002027,2014-09-13,40,4.5,1160
FA0004851,2016-09-12,11,4.8,144
FA0003785,2017-02-23,35,4.1,223
FA0002991,2016-09-13,30,3.4,167
FA0000996,2013-09-19,20,4.6,615
FA0001126,2019-02-21,45,4.8,64
FA0000165,2015-09-14,41,4.4,1289
FA0001414,2013-07-24,15,4.6,1195
FA0003837,2018-05-08,3,4.3,1039
FA0001299,2017-04-11,25,4.4,333
FA0005097,2019-03-20,0,4.5,68
FA0001355,2019-10-28,10,4,93
FA0003512,2018-12-19,30,3.9,138
FA0003621,2016-06-17,10,4.3,659
FA0000654,2015-01-12,25,4.1,621
FA0000200,2019-07-17,70,4.6,2995
FA0000010,2017-05-16,38,4.7,937
FA0004638,2019-08-08,10,4.6,1364
FA0000234,2019-02-06,20,4.5,355
FA0000798,2014-05-13,21,4.4,1328
FA0002661,2016-07-12,20,4.1,367
FA0002393,2013-07-19,5,3.8,44
FA0002294,2014-03-26,55,4.1,217
FA0001643,2014-06-17,15,4.2,232
FA0004967,2018-05-22,68,4.7,59
FA0003606,2019-10-03,25,4.6,1181
FA0000976,2018-03-19,25,4.3,229
FA0004635,2018-09-19,15,4.7,1066
FA0001786,2014-08-01,55,4.3,2134
FA0001642,2019-03-15,0,3.3,27
FA0005101,2019-11-07,0,4.9,317
FA0000642,2014-10-07,31,3.5,1088
FA0000407,2014-06-24,10,3,523
FA0000654,2017-11-30,40,4.1,621
FA0001004,2018-05-21,115,4.3,363
FA0003807,2016-06-29,5,4.8,189
FA0000064,2015-03-09,2,4.2,295
FA0002689,2019-10-15,10,4.7,154
FA0004960,2016-08-22,18,4.4,1541
FA0002750,2014-11-20,96,4.2,107
FA0001335,2017-04-03,35,4.5,246
FA0000402,2018-07-12,20,4.6,547
FA0001269,2014-01-17,17,3.7,332
FA0001350,2013-06-21,10,4.9,60
FA0004872,2016-04-08,5,4.7,246
FA0005280,2018-06-22,1,3.2,647
FA0002481,2015-02-20,60,4.2,207
FA0000731,2017-04-06,20,4.4,1032
FA0004691,2015-07-30,5,4.3,706
FA0004908,2016-06-30,5,4.2,603
FA0003801,2013-05-30,18,4.6,328
FA0003807,2017-11-01,10,4.8,189
FA0000251,2019-08-06,40,4.6,914
FA0000526,2014-05-28,23,4.6,1605
FA0000997,2013-01-15,15,4.2,263
FA0005539,2019-10-21,0,4.8,669
FA0001309,2017-09-11,30,4.4,627
FA0002699,2018-11-27,30,4.2,246
FA0000088,2013-08-23,105,4.5,59
FA0000790,2017-07-18,60,4.2,419
FA0005100,2017-09-26,25,4.5,79
FA0001014,2018-06-21,25,4.7,1147
FA0000680,2019-02-22,0,4.4,763
FA0001192,2019-07-18,55,4.3,337
FA0000879,2014-04-18,23,4,720
FA0001005,2016-03-21,5,4.6,1231
FA0002371,2016-01-06,20,4.1,234
FA0002670,2019-06-11,10,4,38
FA0003621,2014-12-18,3,4.3,659
FA0002027,2013-11-21,0,4.5,1160
FA0000544,2019-04-22,35,4.3,298
FA0000961,2019-06-19,85,4.2,894
FA0002171,2019-07-19,35,4,131
FA0000599,2018-12-04,0,4.3,1799
FA0002245,2019-12-13,0,4.6,361
FA0001003,2016-05-04,10,3.2,246
FA0000677,2019-02-20,60,4.2,297
FA0002527,2014-06-09,5,4.5,125
FA0000084,2014-07-17,0,4.1,684
FA0001091,2014-06-27,10,3.9,896
FA0000113,2014-12-15,6,2.8,404
FA0002658,2018-11-08,30,4.5,214
FA0005384,2019-01-25,55,4.8,464
FA0001269,2016-05-26,15,3.7,332
FA0002790,2019-06-19,45,4,164
FA0005066,2019-01-03,5,4.5,340
FA0000365,2017-05-11,10,3.8,709
FA0001257,2014-07-03,11,4.4,314
FA0001074,2015-09-08,15,4.5,903
FA0003265,2019-07-08,0,4.3,242
FA0003521,2017-11-01,31,2.7,143
FA0000843,2018-02-26,18,3.4,706
FA0001514,2019-07-08,10,4,392
FA0001585,2018-06-13,100,4.7,378
FA0002152,2016-05-19,65,3.9,224
FA0004515,2016-11-02,7,4.2,54
FA0000538,2017-06-20,10,4.4,457
FA0000667,2013-08-02,50,4.6,68
FA0000843,2014-05-28,15,3.4,706
FA0000124,2016-01-21,7,4.6,58
FA0000210,2014-10-21,70,4.4,281
FA0001084,2013-06-25,30,4.5,2034
FA0001253,2014-08-11,21,4.1,1241
FA0004789,2016-10-10,0,4.7,422
FA0003305,2018-06-20,10,4.4,1915
FA0001786,2015-05-26,55,4.3,2134
FA0000678,2017-03-09,35,4.2,351
FA0000279,2014-07-22,14,3.1,1009
FA0000372,2013-09-04,30,4.6,603
FA0000743,2013-09-20,0,4.6,178
FA0003318,2014-03-21,45,4.5,214
FA0004507,2018-05-23,25,4.6,126
FA0004964,2016-10-19,73,4.1,336
FA0000365,2017-11-09,10,3.8,709
FA0002371,2018-10-30,30,4.1,234
FA0001403,2014-12-11,0,4.5,655
FA0000279,2019-04-05,0,3.1,1009
FA0005030,2017-05-12,21,4.3,90
FA0000210,2018-11-13,60,4.4,281
FA0001272,2014-06-18,0,4.3,354
FA0003317,2017-03-31,11,4.5,317
FA0000830,2017-05-19,25,4.5,821
FA0001631,2013-09-27,20,3.6,390
FA0001515,2019-12-13,5,4.3,137
FA0000728,2014-04-03,20,4.4,124
FA0000347,2015-08-03,4,4.7,471
FA0001237,2017-03-28,35,4.5,523
FA0000447,2017-04-20,125,3.6,11
FA0005299,2018-08-15,1,4.2,21
FA0004910,2016-06-10,20,4,376
FA0000818,2014-01-29,71,4.2,170
FA0001261,2015-11-12,0,4.7,139
FA0003510,2017-07-13,45,4.6,746
FA0000106,2018-03-07,25,4.3,345
FA0002745,2019-11-25,20,4.4,146
FA0004982,2016-09-29,37,4.2,324
FA0004837,2018-01-30,55,4.2,1184
FA0005003,2017-05-31,72,4.6,929
FA0002857,2016-05-10,0,4.3,82
FA0000970,2016-04-12,75,4.4,299
FA0002513,2014-09-08,0,2.9,189
FA0000257,2017-06-20,20,3.8,125
FA0001198,2017-03-02,25,3.8,586
FA0000295,2015-02-06,21,3.4,70
FA0000847,2017-03-24,0,3,523
FA0002484,2013-01-08,45,3.4,245
FA0000346,2016-06-29,15,4.3,499
FA0001183,2013-11-12,17,4.7,878
FA0001290,2014-08-19,36,4.6,117
FA0000075,2014-02-14,31,4.5,171
FA0001243,2015-08-11,34,4.5,488
FA0001186,2017-03-27,3,3.5,778
FA0000364,2016-02-03,20,4.2,817
FA0004526,2014-04-01,21,4,518
FA0004696,2019-01-17,15,4.5,2
FA0000882,2017-04-08,0,4.4,515
FA0005226,2019-05-23,5,4.4,1576
FA0001149,2016-04-20,55,4.2,608
FA0005472,2019-10-28,10,4.5,177
FA0001175,2017-03-15,33,4.7,270
FA0000242,2016-03-04,40,4,2
FA0004848,2019-03-14,30,4.3,906
FA0002484,2017-07-11,37,3.4,245
FA0000494,2016-06-29,20,4.3,178
FA0000800,2017-09-20,70,4.5,119
FA0001623,2013-02-19,52,4.5,237
FA0004975,2016-09-12,40,4.6,523
FA0000451,2015-01-16,10,4.8,1766
FA0000642,2017-04-18,10,3.5,1088
FA0002815,2014-03-04,75,4.3,361
FA0000067,2016-05-20,60,4.6,2491
FA0002828,2017-04-18,10,3.3,543
FA0005455,2019-07-11,0,4.8,5
FA0004941,2018-12-18,30,4.4,623
FA0000923,2013-06-12,5,4.1,323
FA0000808,2016-03-03,5,3.4,27
FA0000783,2017-06-20,20,4.4,798
FA0000758,2014-01-15,0,3.7,432
FA0000535,2017-07-17,22,4.3,297
FA0000402,2014-05-29,35,4.6,547
FA0002591,2018-01-30,0,4.5,57
FA0000112,2019-06-18,0,3,276
FA0000782,2017-05-06,20,4.3,183
FA0001249,2014-04-24,40,4.5,178
FA0002356,2014-12-10,25,4.2,275
FA0000834,2013-04-17,65,4.5,121
FA0002436,2016-10-31,31,4.2,650
FA0002676,2014-06-10,35,4.2,414
FA0001408,2014-04-25,35,4.7,12
FA0000346,2017-11-01,35,4.3,499
FA0000386,2017-03-10,30,4.3,138
FA0001662,2016-02-17,0,4.5,1019
FA0000863,2014-04-07,78,4.2,571
FA0002631,2014-04-30,15,4.5,550
FA0005236,2018-05-18,0,3.8,427
FA0004853,2019-04-03,60,4.5,315
FA0003408,2018-06-20,30,4.3,452
FA0003545,2016-08-26,20,4.4,194
FA0000826,2018-07-20,28,3.1,1405
FA0000731,2015-03-31,3,4.4,1032
FA0000487,2017-08-18,5,4.4,144
FA0002979,2019-10-21,25,3.7,68
FA0004663,2017-10-30,5,4,46
FA0001638,2018-11-15,65,4.4,1041
FA0000941,2018-03-22,10,4.4,475
FA0003813,2016-01-28,15,4.8,354
FA0000181,2016-03-30,35,4.1,1074
FA0000886,2013-09-20,0,4.4,509
FA0000293,2019-03-27,95,4.6,394
FA0000257,2013-03-05,30,3.8,125
FA0002839,2018-09-04,10,4.6,310
FA0000089,2014-03-20,75,4.3,275
FA0000331,2016-05-04,60,4.3,1008
FA0001005,2019-06-05,45,4.6,1231
FA0002506,2013-07-26,37,4.7,951
FA0000333,2017-08-18,55,4.7,435
FA0000535,2015-02-23,17,4.3,297
FA0002680,2014-05-08,0,4.1,872
FA0000098,2016-05-19,45,3.7,192
FA0000339,2013-06-12,41,4.5,1071
FA0000093,2017-05-11,73,4.2,698
FA0003244,2017-06-30,20,4.4,439
FA0004975,2019-07-15,15,4.6,523
FA0001257,2016-08-03,23,4.4,314
FA0000674,2018-04-13,36,4.2,414
FA0000724,2016-08-17,25,4.3,277
FA0000808,2015-10-02,13,3.4,27
FA0001166,2013-01-24,67,3.5,78
FA0001240,2015-01-22,28,4.7,165
FA0000538,2016-10-04,10,4.4,457
FA0000140,2017-09-15,47,4.8,485
FA0000951,2014-03-13,31,4.4,1062
FA0000803,2015-09-22,25,3.7,152
FA0004669,2019-04-18,45,4.3,128
FA0000449,2017-03-13,69,4.3,101
FA0000661,2017-08-29,10,5,26
FA0002677,2017-08-14,10,4.3,464
FA0001204,2016-04-14,35,3.9,117
FA0001375,2018-12-27,59,4.7,176
FA0002339,2018-08-14,125,4.3,352
FA0004787,2019-12-17,10,4.5,786
FA0000372,2016-11-16,85,4.6,603
FA0001022,2013-09-24,15,3.3,1498
FA0003680,2018-05-17,23,4.4,171
FA0001631,2016-02-04,20,3.6,390
FA0004839,2018-02-14,21,4.3,1588
FA0003337,2015-01-13,20,3.7,436
FA0001088,2015-07-28,60,4.4,762
FA0000758,2015-06-23,7,3.7,432
FA0000343,2014-11-10,15,3.7,96
FA0000336,2015-11-10,95,4.5,300
FA0001429,2014-03-28,79,4.3,157
FA0003850,2016-04-06,20,4.3,243
FA0001333,2014-05-22,20,4.2,1235
FA0004625,2016-08-23,31,4.9,22
FA0005182,2017-11-01,25,4.6,402
FA0002434,2016-12-16,58,3.9,408
FA0001347,2016-08-29,60,4.5,600
FA0005172,2019-06-18,10,4.3,416
FA0000840,2018-02-09,10,2.9,618
FA0002331,2014-08-04,26,4.4,1062
FA0002021,2016-10-15,10,4.6,1321
FA0001167,2014-02-19,0,4.1,67
FA0000972,2013-08-21,77,4.7,254
FA0000245,2019-02-20,15,4.8,1421
FA0002680,2018-01-31,10,4.1,872
FA0003801,2015-07-29,0,4.6,328
FA0003742,2015-10-07,0,4.2,197
FA0002133,2019-11-14,0,4.6,536
FA0000574,2018-09-14,70,4.2,159
FA0000614,2016-03-15,16,4.5,1124
FA0000124,2015-03-09,35,4.6,58
FA0000278,2017-03-29,15,4.3,1185
FA0003851,2015-05-16,0,4.2,419
FA0001355,2016-01-21,56,4,93
FA0005008,2016-11-17,15,4.2,297
FA0005195,2018-03-12,37,4.3,101
FA0001638,2017-07-19,76,4.4,1041
FA0002419,2015-11-03,62,4.2,178
FA0001114,2013-12-09,23,4.6,599
FA0000245,2017-07-27,35,4.8,1421
FA0001260,2019-05-30,0,5,2
FA0002863,2019-09-04,0,4.4,454
FA0000225,2016-03-30,25,4.6,206
FA0000696,2018-09-13,3,4.5,513
FA0003890,2013-11-27,22,4.3,291
FA0002492,2017-11-08,30,4.6,380
FA0004843,2016-02-09,13,4.6,355
FA0003787,2017-07-19,10,4,98
FA0005440,2019-10-01,25,4.8,486
FA0000947,2018-11-01,36,4.6,810
FA0001195,2016-07-18,10,4.2,89
FA0001284,2014-03-05,80,4.3,416
FA0002274,2014-06-25,40,4.2,160
FA0000624,2016-04-06,45,4.7,1101
FA0002694,2018-08-20,0,4.6,512
FA0003585,2019-08-27,20,4.6,288
FA0000783,2016-05-17,50,4.4,798
FA0003890,2016-04-15,25,4.3,291
FA0000245,2016-12-20,50,4.8,1421
FA0000840,2014-11-14,0,2.9,618
FA0002718,2018-06-28,10,4.2,5
FA0000773,2017-05-30,114,3.9,233
FA0004706,2015-06-16,25,4.6,211
FA0004651,2018-11-07,5,4.4,28
FA0000844,2018-07-06,75,4.2,77
FA0001350,2015-09-15,12,4.9,60
FA0001299,2019-10-24,25,4.4,333
FA0000063,2017-06-20,35,4.5,388
FA0002144,2019-01-22,25,4.6,834
FA0000629,2014-04-11,0,4.1,302
FA0001408,2017-03-06,85,4.7,12
FA0000678,2013-03-25,60,4.2,351
FA0005143,2017-10-10,43,3.3,223
FA0000990,2014-06-17,11,4.5,89
FA0000578,2016-02-08,10,4.2,261
FA0005267,2019-02-22,50,4,298
FA0002449,2014-08-15,5,3.8,44
FA0003704,2017-09-13,21,4.5,127
FA0001245,2014-05-06,2,4.4,169
FA0003614,2019-07-17,25,4.9,125
FA0000009,2017-05-09,45,4.9,15
FA0005072,2017-04-14,0,3.9,194
FA0003799,2015-02-23,0,4.3,39
FA0000653,2013-02-07,30,4.5,1335
FA0000240,2018-01-31,20,3.7,91
FA0002330,2015-09-09,25,4,511
FA0003821,2015-12-14,20,4.4,205
FA0001161,2016-12-22,10,3.3,103
FA0002356,2013-09-20,5,4.2,275
FA0001183,2015-01-16,42,4.7,878
FA0000351,2016-01-12,36,4,304
FA0001595,2014-04-10,0,3.4,35
FA0000947,2016-02-08,30,4.6,810
FA0001182,2015-11-04,88,4,379
FA0002658,2016-06-02,35,4.5,214
FA0002826,2013-08-27,55,4.6,355
FA0001036,2013-07-18,15,4.4,445
FA0000458,2016-06-13,56,4.3,269
FA0000773,2016-04-06,125,3.9,233
FA0005208,2019-04-27,5,5,16
FA0004787,2017-06-01,36,4.5,786
FA0000653,2016-02-09,15,4.5,1335
FA0002874,2016-06-14,35,4.2,834
FA0000630,2017-01-20,15,4.4,488
FA0001663,2017-03-30,40,4.6,574
FA0002719,2013-12-30,0,4.1,189
FA0002840,2019-06-03,35,4.2,236
FA0002685,2014-04-25,0,4.1,372
FA0002868,2017-11-30,35,4.5,807
FA0001163,2014-07-09,35,4,142
FA0000164,2013-12-10,61,4.3,928
FA0000355,2015-03-23,60,4.2,209
FA0000885,2018-07-24,43,4.6,648
FA0004983,2017-09-09,10,3.8,5
FA0000697,2018-04-27,40,4.4,352
FA0004836,2019-12-13,5,3.7,197
FA0001515,2013-09-19,5,4.3,137
FA0001237,2015-07-14,40,4.5,523
FA0002178,2016-05-16,50,4.5,566
FA0000011,2019-11-06,0,4.3,119
FA0002449,2019-02-12,25,3.8,44
FA0001215,2015-07-16,18,4.9,8
FA0002654,2019-05-07,0,4.4,847
FA0002297,2019-01-25,40,4.5,188
FA0002297,2013-09-20,0,4.5,188
FA0000486,2019-06-05,30,4.5,2352
FA0001192,2016-02-03,20,4.3,337
FA0002677,2014-01-13,50,4.3,464
FA0002210,2016-10-15,15,3.8,5
FA0000556,2015-08-18,45,4.6,2057
FA0004638,2017-08-30,40,4.6,1364
FA0000473,2013-04-03,10,4.8,267
FA0000654,2013-10-16,55,4.1,621
FA0002703,2014-06-13,25,4.2,333
FA0000743,2017-04-05,10,4.6,178
FA0000728,2017-01-12,20,4.4,124
FA0000500,2013-12-13,15,4.2,1235
FA0002653,2013-04-19,0,3.9,525
FA0003851,2014-04-19,0,4.2,419
FA0000675,2015-04-24,30,4.5,3357
FA0004691,2018-08-21,0,4.3,706
FA0002948,2014-08-04,15,4.1,348
FA0002027,2017-09-09,10,4.5,1160
FA0003472,2019-06-20,10,4.3,170
FA0000314,2013-09-20,40,4.4,382
FA0000139,2015-07-06,8,4.1,456
FA0002356,2017-02-27,60,4.2,275
FA0000030,2018-10-11,5,3.8,808
FA0001614,2014-06-10,18,4.5,876
FA0000599,2014-04-30,15,4.3,1799
FA0000592,2016-11-16,10,4.7,269
FA0000364,2017-09-14,37,4.2,817
FA0000011,2013-07-03,35,4.3,119
FA0003050,2016-06-27,50,4.1,410
FA0002143,2014-01-23,32,4.2,432
FA0000031,2019-11-22,0,3.7,622
FA0000021,2016-01-12,0,4.9,22
FA0000109,2016-02-25,0,3,612
FA0001646,2018-02-07,35,3.7,158
FA0001283,2018-07-10,17,4.8,373
FA0003034,2019-09-04,10,4.8,22
FA0004652,2019-06-03,10,4.3,284
FA0002419,2015-02-10,5,4.2,178
FA0003472,2016-10-31,10,4.3,170
FA0004907,2016-06-28,20,3.9,1070
FA0000326,2019-09-10,20,4.6,416
FA0000449,2013-01-16,95,4.3,101
FA0001380,2019-10-18,0,4.4,307
FA0000017,2019-07-30,5,4.3,109
FA0000449,2014-02-05,0,4.3,101
FA0005127,2019-11-05,20,4.9,63
FA0001244,2016-10-18,60,4.2,83
FA0002484,2014-08-15,15,3.4,245
FA0005256,2018-05-31,10,4.6,402
FA0004736,2015-07-29,26,4.3,595
FA0004766,2015-09-18,34,4.3,628
FA0001290,2013-04-16,90,4.6,117
FA0002330,2014-10-01,75,4,511
FA0005012,2016-11-28,25,4.4,279
FA0000995,2017-08-01,15,4.3,272
FA0000225,2019-04-05,0,4.6,206
FA0003470,2016-08-18,50,4.6,86
FA0000592,2013-06-11,35,4.7,269
FA0000615,2014-03-07,0,4.5,105
FA0000200,2017-08-24,80,4.6,2995
FA0003604,2017-10-03,0,4.6,1885
FA0000157,2015-07-15,43,4.1,169
FA0001060,2017-05-19,75,4.6,288
FA0002701,2014-06-12,5,4.7,717
FA0000770,2014-03-21,36,4.5,532
FA0000056,2017-08-08,10,4.5,569
FA0000942,2017-09-06,50,4.4,321
FA0000886,2016-03-09,70,4.4,509
FA0001800,2017-05-01,1,5,3
FA0005021,2017-04-11,17,4.9,164
FA0003637,2015-04-15,10,4.7,26
FA0000976,2013-08-15,106,4.3,229
FA0001429,2016-01-19,6,4.3,157
FA0002245,2017-05-08,5,4.6,361
FA0000364,2015-03-11,10,4.2,817
FA0004518,2014-03-13,25,4.5,437
FA0005308,2019-10-08,20,4.3,12
FA0001585,2013-10-30,56,4.7,378
FA0000447,2014-04-28,15,3.6,11
FA0001299,2015-07-14,28,4.4,333
FA0004996,2016-11-17,1,4.7,733
FA0005232,2018-12-14,30,4.4,534
FA0000738,2018-05-09,65,4.3,1553
FA0002612,2017-08-22,5,3.9,957
FA0000108,2013-11-13,31,4.6,266
FA0000025,2013-06-27,31,4.3,232
FA0001344,2018-09-06,63,3.4,289
FA0000672,2019-10-18,35,3.6,181
FA0004511,2017-03-22,0,4.7,181
FA0002891,2017-04-14,10,4.3,211
FA0000473,2016-03-01,35,4.8,267
FA0001614,2017-04-04,4,4.5,876
FA0003621,2019-06-14,35,4.3,659
FA0003565,2014-05-14,35,4.1,495
FA0000725,2018-03-12,65,4.3,757
FA0000365,2019-02-20,15,3.8,709
FA0001294,2015-11-03,15,4.2,622
FA0000851,2014-08-19,25,3.9,863
FA0003319,2016-05-17,50,3.7,172
FA0000109,2013-02-07,40,3,612
FA0001003,2019-03-15,5,3.2,246
FA0000396,2019-06-11,60,4.6,481
FA0000339,2018-09-05,30,4.5,1071
FA0000326,2016-06-01,50,4.6,416
FA0001202,2019-05-13,40,4.2,695
FA0001004,2016-12-22,100,4.3,363
FA0001169,2015-06-16,7,3.8,155
FA0001220,2015-01-06,15,4.2,74
FA0002441,2016-02-01,45,4.6,98
FA0005391,2019-10-08,15,4.3,183
FA0001308,2017-03-17,17,4.2,189
FA0000970,2013-12-16,3,4.4,299
FA0000092,2014-04-04,45,4.7,50
FA0003318,2016-06-07,60,4.5,214
FA0005088,2019-11-22,15,3.9,685
FA0002145,2017-03-21,15,4.7,79
FA0002274,2017-08-28,32,4.2,160
FA0000943,2017-05-05,155,4.2,667
FA0000629,2018-08-29,5,4.1,302
FA0002979,2013-12-04,15,3.7,68
FA0000476,2018-07-13,15,4.6,1392
FA0000975,2018-10-25,55,3.8,25
FA0000888,2014-06-13,0,4.3,71
FA0003784,2017-07-03,7,4.3,335
FA0002345,2014-05-22,15,4,507
FA0000018,2014-11-07,85,4.7,150
FA0004696,2017-05-03,5,4.5,2
FA0001645,2013-08-07,81,4.4,262
FA0004784,2019-04-04,20,4.5,76
FA0003464,2015-02-10,5,4.6,56
FA0001327,2014-03-03,0,4.2,295
FA0000089,2015-07-30,12,4.3,275
FA0002668,2015-01-13,30,3.9,686
FA0000558,2013-03-22,0,4.4,801
FA0004906,2016-07-07,5,4,826
FA0001234,2016-06-15,0,4.2,101
FA0003703,2014-06-12,50,4.6,436
FA0000359,2018-05-01,33,4.2,861
FA0001549,2014-01-09,5,4.6,455
FA0000544,2013-02-01,30,4.3,298
FA0000442,2015-02-24,17,4.4,523
FA0005010,2016-11-21,15,3.9,535
FA0001514,2015-11-19,30,4,392
FA0002653,2019-07-03,0,3.9,525
FA0001368,2017-11-17,25,2.9,32
FA0000192,2015-07-17,35,3.8,326
FA0000971,2014-11-24,1,4.6,485
FA0005510,2019-10-14,15,4.9,63
FA0002133,2014-04-24,16,4.6,536
FA0004885,2016-12-09,20,4.2,640
FA0000580,2018-11-02,20,4.7,260
FA0000192,2017-05-10,45,3.8,326
FA0001175,2019-03-22,0,4.7,270
FA0000238,2018-12-19,30,4,103
FA0000961,2016-06-21,20,4.2,894
FA0001076,2013-11-06,13,4.7,893
FA0000613,2014-06-11,50,4.2,188
FA0004949,2017-05-13,35,4.5,1924
FA0000132,2013-07-25,60,4.6,394
FA0000667,2016-01-28,70,4.6,68
FA0001249,2016-10-31,60,4.5,178
FA0000391,2013-11-06,4,4.2,229
FA0001163,2017-05-11,25,4,142
FA0000152,2017-04-07,57,4.4,820
FA0000848,2015-08-04,55,4.7,93
FA0002168,2016-10-04,20,4.1,1083
FA0000843,2019-10-09,10,3.4,706
FA0000061,2018-06-06,0,4.4,387
FA0002757,2016-10-27,45,4.6,86
FA0000534,2014-10-29,58,4.4,703
FA0002645,2017-12-20,49,4.4,74
FA0000616,2017-12-20,50,4.3,446
FA0003050,2014-11-10,30,4.1,410
FA0001124,2018-10-17,57,4.5,520
FA0002718,2016-11-29,15,4.2,5
FA0000590,2017-04-27,111,4.2,385
FA0002891,2014-08-18,10,4.3,211
FA0003243,2019-05-13,25,4.5,89
FA0003814,2016-02-18,20,3.3,9
FA0000997,2019-03-25,65,4.2,263
FA0000467,2014-04-10,55,4.5,164
FA0005260,2018-05-15,0,4.7,237
FA0005028,2017-02-14,17,4.7,856
FA0004669,2015-02-17,17,4.3,128
FA0001046,2014-05-15,25,4.7,187
FA0000654,2017-06-05,121,4.1,621
FA0000544,2013-09-20,0,4.3,298
FA0003825,2013-06-10,36,3.8,17
FA0004846,2019-03-15,15,4.3,1588
FA0001202,2014-05-29,35,4.2,695
FA0000587,2015-06-11,36,4.4,346
FA0000547,2017-05-12,29,4.5,283
FA0000886,2017-12-12,35,4.4,509
FA0001306,2019-08-20,45,4.3,557
FA0000826,2015-09-28,82,3.1,1405
FA0000237,2018-03-07,36,4.4,552
FA0000974,2015-02-12,5,4.8,53
FA0000926,2018-12-12,70,4,35
FA0003739,2017-08-25,30,4.6,161
FA0000974,2017-04-18,25,4.8,53
FA0000110,2016-12-23,20,3.5,324
FA0002759,2015-01-21,2,4.6,696
FA0003737,2018-01-31,70,4.6,332
FA0004847,2018-06-22,20,3.7,67
FA0000947,2013-03-22,45,4.6,810
FA0003785,2019-11-25,45,4.1,223
FA0000544,2016-12-27,20,4.3,298
FA0000660,2014-04-23,55,4.3,1085
FA0000193,2019-12-26,25,3.6,616
FA0003543,2019-04-04,5,4.1,127
FA0004835,2019-11-08,5,4.5,433
FA0002372,2016-01-21,23,4,338
FA0000240,2017-06-12,25,3.7,91
FA0002205,2016-05-09,22,4.5,341
FA0001091,2017-02-03,20,3.9,896
FA0004521,2016-07-28,15,4.7,367
FA0000680,2014-05-02,1,4.4,763
FA0000502,2014-07-30,70,4.6,1450
FA0000484,2014-08-14,30,4.4,551
FA0003872,2017-03-30,31,4.6,300
FA0002166,2014-05-09,0,4.2,431
FA0002385,2014-02-13,12,4.3,55
FA0002200,2018-10-03,55,4.3,2357
FA0002651,2019-01-29,15,4.4,1067
FA0000885,2018-01-11,104,4.6,648
FA0000863,2016-04-19,5,4.2,571
FA0001641,2019-12-03,0,4.1,299
FA0001074,2017-05-30,15,4.5,903
FA0002823,2018-12-06,60,4.3,488
FA0003267,2019-07-03,20,4.1,534
FA0002128,2019-05-14,35,4.5,87
FA0001429,2018-03-19,65,4.3,157
FA0000200,2019-04-24,30,4.6,2995
FA0002435,2017-04-10,0,3.8,373
FA0001645,2017-06-05,40,4.4,262
FA0001057,2018-05-23,1,3.8,370
FA0002811,2015-10-01,8,4.4,411
FA0003542,2014-02-28,42,4.5,394
FA0003499,2017-11-03,80,4.6,256
FA0002343,2019-03-06,50,4.5,290
FA0003543,2015-03-19,0,4.1,127
FA0003464,2019-02-04,95,4.6,56
FA0000387,2017-04-14,35,4.3,504
FA0000661,2018-02-21,10,5,26
FA0000396,2015-02-17,35,4.6,481
FA0001585,2017-11-14,93,4.7,378
FA0001245,2016-09-08,20,4.4,169
FA0000714,2014-07-17,0,4.5,554
FA0000329,2014-06-26,10,4.8,183
FA0000486,2015-04-03,61,4.5,2352
FA0000432,2016-02-10,30,4.3,296
FA0000959,2016-02-17,35,4.5,315
FA0004625,2019-10-09,35,4.9,22
FA0003315,2015-01-08,64,4.3,47
FA0004521,2014-08-05,40,4.7,367
FA0000925,2015-07-01,28,4.2,310
FA0003473,2018-06-05,5,4.5,238
FA0000458,2019-11-07,25,4.3,269
FA0003781,2018-01-25,15,4.6,199
FA0003722,2017-03-14,15,4.6,292
FA0003470,2014-04-09,15,4.6,86
FA0000961,2014-06-30,45,4.2,894
FA0000881,2018-11-13,18,4.7,651
FA0000314,2015-04-10,63,4.4,382
FA0002186,2018-02-02,20,4.8,326
FA0001090,2014-09-05,5,3.9,724
FA0002983,2017-10-17,25,4.2,608
FA0002284,2016-07-12,0,3.8,543
FA0000351,2019-03-15,5,4,304
FA0002345,2018-03-08,8,4,507
FA0001343,2013-09-10,60,4.3,308
FA0000590,2015-04-28,67,4.2,385
FA0003269,2015-12-02,35,4.2,771
FA0002488,2017-03-03,50,4.6,243
FA0002668,2013-04-23,0,3.9,686
FA0000476,2017-03-07,30,4.6,1392
FA0000500,2019-07-08,0,4.2,1235
FA0000147,2016-12-09,0,4.5,379
FA0001003,2013-04-16,25,3.2,246
FA0000897,2016-02-26,35,4.5,161
FA0002839,2017-03-28,70,4.6,310
FA0000534,2018-06-15,15,4.4,703
FA0000256,2014-02-06,78,4.2,27
FA0004652,2016-10-14,11,4.3,284
FA0002826,2016-01-11,35,4.6,355
FA0002274,2019-08-13,40,4.2,160
FA0000330,2014-06-26,25,4.7,302
FA0001114,2016-04-08,33,4.6,599
FA0000688,2017-02-01,10,4.3,76
FA0002301,2018-05-30,25,4.4,370
FA0000870,2013-12-04,30,4.1,451
FA0002562,2017-05-11,20,4.4,909
FA0001512,2014-07-10,70,4.3,218
FA0002645,2014-05-20,45,4.4,74
FA0002345,2018-10-04,0,4,507
FA0005008,2019-06-06,0,4.2,297
FA0000092,2016-09-06,25,4.7,50
FA0002021,2019-09-07,0,4.6,1321
FA0002186,2017-02-14,52,4.8,326
FA0001732,2017-06-27,5,4.7,1490
FA0002704,2018-06-27,100,4.3,258
FA0003522,2014-04-22,20,4.4,346
FA0002419,2017-05-06,20,4.2,178
FA0001166,2018-04-13,8,3.5,78
FA0000684,2015-03-26,32,4,1279
FA0000445,2013-08-21,20,4.3,1351
FA0004511,2015-08-25,30,4.7,181
FA0000738,2015-03-26,70,4.3,1553
FA0002863,2013-09-25,0,4.4,454
FA0002339,2018-01-12,75,4.3,352
FA0000544,2015-09-21,0,4.3,298
FA0000721,2016-02-12,54,4.2,861
FA0003499,2013-12-20,20,4.6,256
FA0003491,2016-06-27,10,4,386
FA0003255,2018-06-28,5,4.3,154
FA0003857,2013-10-29,0,3.8,302
FA0003257,2016-08-23,25,4.5,913
FA0000627,2017-10-13,93,4.3,317
FA0002685,2018-10-25,13,4.1,372
FA0004595,2017-10-03,5,4.9,183
FA0003034,2017-05-25,15,4.8,22
FA0000748,2013-08-28,85,4.7,507
FA0001057,2014-06-16,0,3.8,370
FA0002330,2013-05-17,17,4,511
FA0000281,2015-05-22,41,4.4,977
FA0002145,2015-02-23,20,4.7,79
FA0004841,2019-11-15,15,4.6,215
FA0001253,2018-12-03,95,4.1,1241
FA0000191,2016-11-02,8,4,1331
FA0002287,2014-04-23,65,4.5,760
FA0002513,2015-06-05,1,2.9,189
FA0001077,2013-09-04,32,4.6,1613
FA0000907,2016-09-30,35,4.3,25
FA0000673,2017-10-03,0,3.7,178
FA0002157,2018-09-19,11,4.8,72
FA0001168,2017-07-05,16,3.9,61
FA0004668,2019-06-05,75,4.3,252
FA0000751,2014-06-04,25,4.2,676
FA0001642,2014-02-11,17,3.3,27
FA0000878,2016-04-11,2,4.5,87
FA0000484,2018-11-08,59,4.4,551
FA0001782,2015-04-20,0,4.2,40
FA0000655,2013-08-01,20,4.1,69
FA0004967,2019-10-15,15,4.7,59
FA0004989,2018-12-28,20,4.2,157
FA0000130,2014-06-17,30,4.3,92
FA0001192,2018-01-16,40,4.3,337
FA0002665,2013-11-08,46,3.5,240
FA0000783,2018-02-02,0,4.4,798
FA0000847,2019-04-02,5,3,523
FA0000387,2013-08-13,20,4.3,504
FA0001327,2016-07-28,15,4.2,295
FA0004821,2019-12-04,25,3.6,329
FA0004816,2016-09-01,22,4.7,1169
FA0001035,2017-01-17,15,4.6,398
FA0000574,2015-01-12,2,4.2,159
FA0002076,2014-12-15,0,4.6,235
FA0001306,2018-11-28,35,4.3,557
FA0002245,2015-01-23,0,4.6,361
FA0005084,2017-05-16,6,4.6,65
FA0002021,2015-10-03,0,4.6,1321
FA0004653,2018-12-18,20,4.2,74
FA0004977,2016-11-17,1,4.2,408
FA0002868,2017-03-21,15,4.5,807
FA0003801,2016-08-17,10,4.6,328
FA0005406,2019-06-28,25,4.3,291
FA0004837,2017-01-18,105,4.2,1184
FA0002815,2016-03-11,120,4.3,361
FA0001327,2018-01-31,55,4.2,295
FA0000332,2014-06-24,35,4.4,463
FA0000830,2014-07-08,5,4.5,821
FA0001800,2013-09-19,0,5,3
FA0001166,2016-06-17,12,3.5,78
FA0000401,2013-05-07,91,4.5,1620
FA0000962,2017-05-31,5,4.6,159
FA0002759,2017-06-19,22,4.6,696
FA0002697,2019-03-06,0,3.2,588
FA0002651,2016-06-15,55,4.4,1067
FA0001595,2016-03-03,0,3.4,35
FA0002441,2018-04-02,40,4.6,98
FA0005194,2017-11-02,35,4.3,425
FA0000754,2019-02-12,75,4.7,588
FA0004757,2018-12-21,63,4.7,201
FA0000628,2019-07-30,45,4.2,1453
FA0000021,2017-11-14,0,4.9,22
FA0004929,2019-03-25,0,4.4,505
FA0000615,2018-05-18,65,4.5,105
FA0000738,2019-05-08,15,4.3,1553
FA0002200,2014-08-05,15,4.3,2357
FA0002145,2013-04-22,30,4.7,79
FA0002416,2017-04-27,35,4.6,263
FA0000603,2017-04-03,15,4.1,411
FA0001300,2017-03-13,5,3.4,1037
FA0000416,2016-12-19,70,3.4,87
FA0000694,2014-07-29,10,4.2,1184
FA0002657,2015-09-22,0,4.4,679
FA0002144,2014-04-03,94,4.6,834
FA0000951,2019-11-18,20,4.4,1062
FA0000603,2015-11-30,65,4.1,411
FA0001203,2014-04-14,12,4.3,48
FA0001247,2017-04-19,20,4.8,379
FA0000061,2015-06-23,30,4.4,387
FA0001005,2015-03-11,75,4.6,1231
FA0001333,2018-01-16,30,4.2,1235
FA0001554,2016-12-20,10,4.7,91
FA0000887,2013-09-19,60,4.4,611
FA0001284,2018-04-04,36,4.3,416
FA0002210,2015-10-17,15,3.8,5
FA0002670,2017-05-03,18,4,38
FA0000365,2013-02-15,15,3.8,709
FA0004787,2016-01-12,20,4.5,786
FA0004843,2018-12-19,15,4.6,355
FA0000997,2016-01-04,65,4.2,263
FA0000971,2018-11-02,38,4.6,485
FA0000697,2016-06-15,60,4.4,352
FA0005271,2018-12-05,55,4.6,915
FA0001054,2016-07-14,0,4.2,266
FA0004884,2018-01-18,10,4,164
FA0000534,2017-09-29,85,4.4,703
FA0002492,2013-10-30,15,4.6,380
FA0004844,2018-02-28,19,4,249
FA0000783,2019-12-05,20,4.4,798
FA0002811,2017-07-11,8,4.4,411
FA0000293,2018-10-30,61,4.6,394
FA0000432,2017-09-27,13,4.3,296
FA0005381,2019-03-20,25,4.3,113
FA0003410,2017-02-13,89,4.5,851
FA0005390,2019-01-30,25,4.6,437
FA0001021,2016-06-13,1,3.5,1861
FA0001300,2019-09-09,10,3.4,1037
FA0003545,2014-11-26,22,4.4,194
FA0001094,2016-01-11,32,4.4,353
FA0000371,2016-04-26,30,4.4,124
FA0000088,2016-04-20,15,4.5,59
FA0002178,2019-08-07,5,4.5,566
FA0002385,2018-08-13,15,4.3,55
FA0002653,2017-03-01,0,3.9,525
FA0003258,2014-05-30,105,4.6,142
FA0002882,2016-02-25,0,4.7,93
FA0000721,2014-01-30,72,4.2,861
FA0000639,2016-04-19,30,4.1,346
FA0002656,2013-09-19,5,3.6,129
FA0000455,2016-08-16,35,4,677
FA0003680,2014-07-02,15,4.4,171
FA0003487,2017-12-28,20,4.5,1160
FA0000582,2014-10-15,30,4.6,573
FA0001350,2017-09-20,46,4.9,60
FA0000147,2014-08-20,0,4.5,379
FA0000234,2014-02-24,10,4.5,355
FA0000112,2014-04-16,0,3,276
FA0002670,2015-01-20,10,4,38
FA0000384,2018-05-16,49,4,1318
FA0000897,2017-09-21,7,4.5,161
FA0000247,2013-11-06,46,4.5,21
FA0002750,2019-06-18,40,4.2,107
FA0002718,2019-12-10,0,4.2,5
FA0004673,2019-03-21,75,4.6,1743
FA0001182,2018-06-27,15,4,379
FA0000578,2014-07-29,1,4.2,261
FA0003463,2016-11-15,0,4.4,1398
FA0002882,2013-08-09,31,4.7,93
FA0004526,2019-09-17,35,4,518
FA0001076,2016-02-09,25,4.7,893
FA0000567,2018-07-12,10,5,3
FA0002874,2014-06-02,17,4.2,834
FA0002478,2014-06-03,25,4.3,366
FA0004880,2016-05-03,5,3.9,1259
FA0000451,2017-01-12,10,4.8,1766
FA0000658,2014-06-11,45,4.5,573
FA0003535,2017-03-31,47,4.3,578
FA0002828,2015-12-14,0,3.3,543
FA0003305,2014-09-10,20,4.4,1915
FA0003827,2018-11-16,30,4.2,214
FA0005073,2019-11-20,0,4.6,422
FA0003540,2018-06-05,0,4.2,419
FA0000614,2015-03-24,23,4.5,1124
FA0004983,2017-03-06,20,3.8,5
FA0002609,2019-05-09,20,4.5,407
FA0000657,2019-11-25,10,3.7,260
FA0004883,2019-02-19,25,4.6,431
FA0000587,2019-06-07,60,4.4,346
FA0001138,2013-03-25,50,4.4,1110
FA0000973,2019-01-28,25,3.8,111
FA0003722,2016-03-01,5,4.6,292
FA0000943,2019-02-13,45,4.2,667
FA0000378,2015-07-10,30,4.7,581
FA0002393,2016-06-09,0,3.8,44
FA0002371,2013-04-19,35,4.1,234
FA0000303,2017-05-15,1,4.2,512
FA0001330,2014-12-03,30,4.4,663
FA0000996,2016-05-23,25,4.6,615
FA0003806,2016-11-22,0,2.9,247
FA0000331,2017-10-12,50,4.3,1008
FA0003879,2019-07-08,0,4.1,543
FA0000611,2017-03-23,200,4.5,1401
FA0000391,2016-02-26,14,4.2,229
FA0002592,2014-02-10,50,4.6,476
FA0000800,2015-01-12,17,4.5,119
FA0001232,2014-05-19,45,4.3,177
FA0000945,2019-06-06,55,4.3,250
FA0003410,2019-08-27,0,4.5,851
FA0003606,2017-10-12,50,4.6,1181
FA0003466,2013-09-19,5,3.6,223
FA0002948,2018-12-19,15,4.1,348
FA0002372,2017-11-06,10,4,338
FA0001319,2015-02-05,10,4.3,4
FA0001306,2017-11-28,35,4.3,557
FA0000251,2017-07-13,37,4.6,914
FA0000416,2013-09-26,75,3.4,87
FA0000009,2015-04-09,0,4.9,15
FA0004635,2017-02-28,47,4.7,1066
FA0001236,2016-05-19,70,4.4,1106
FA0000818,2013-04-10,50,4.2,170
FA0000304,2016-02-29,20,4.3,503
FA0000798,2018-07-24,113,4.4,1328
FA0003614,2014-05-07,0,4.9,125
FA0001204,2017-02-22,38,3.9,117
FA0002630,2017-01-26,15,3.9,971
FA0002171,2016-04-26,40,4,131
FA0003305,2017-07-21,66,4.4,1915
FA0000738,2014-07-18,35,4.3,1553
FA0003487,2019-12-12,25,4.5,1160
FA0005296,2018-08-14,0,4.6,124
FA0004866,2016-04-01,14,4.5,28
FA0000572,2013-11-21,0,4.3,169
FA0004641,2015-04-06,2,3.5,614
FA0001084,2015-10-02,130,4.5,2034
FA0002345,2016-11-21,45,4,507
FA0000109,2018-02-08,15,3,612
FA0002815,2018-01-24,30,4.3,361
FA0000773,2013-12-03,23,3.9,233
FA0001198,2013-09-19,0,3.8,586
FA0000578,2019-10-11,25,4.2,261
FA0002383,2018-04-04,40,4.6,134
FA0001414,2017-11-20,55,4.6,1195
FA0000649,2014-05-05,0,4.4,106
FA0002132,2019-01-30,25,4.3,447
FA0000613,2017-11-17,85,4.2,188
FA0000567,2014-07-15,25,5,3
FA0000100,2014-05-16,20,4.7,134
FA0001021,2014-05-08,15,3.5,1861
FA0000350,2013-01-29,10,4.4,226
FA0005198,2018-05-25,21,5,5
FA0000682,2014-01-23,55,4,378
FA0004960,2019-05-10,10,4.4,1541
FA0004494,2013-10-25,15,4.4,79
FA0001380,2017-03-13,20,4.4,307
FA0000342,2013-03-14,45,4.2,233
FA0003739,2015-09-02,5,4.6,161
FA0002697,2017-07-13,0,3.2,588
FA0003792,2018-12-11,10,4.8,180
FA0000474,2016-06-09,50,4.7,1101
FA0002488,2019-02-19,90,4.6,243
FA0000885,2014-12-22,22,4.6,648
FA0000390,2016-10-04,25,4.5,437
FA0003314,2014-02-22,30,4.3,268
FA0003837,2016-01-08,0,4.3,1039
FA0003535,2015-04-09,28,4.3,578
FA0001182,2014-07-30,40,4,379
FA0003408,2016-04-20,83,4.3,452
FA0002484,2016-05-09,20,3.4,245
FA0002790,2016-04-04,55,4,164
FA0002132,2014-03-12,1,4.3,447
FA0003485,2017-09-21,23,4.6,781
FA0005101,2017-07-11,10,4.9,317
FA0000387,2015-04-29,10,4.3,504
FA0000333,2015-05-12,12,4.7,435
FA0004908,2019-11-01,0,4.2,603
FA0005182,2018-10-15,20,4.6,402
FA0005450,2019-06-14,0,5,6
FA0000758,2019-04-03,5,3.7,432
FA0002382,2019-09-05,70,4.5,1346
FA0002830,2013-11-07,15,4.1,145
FA0003837,2013-05-01,62,4.3,1039
FA0000416,2016-02-29,80,3.4,87
FA0002372,2014-06-03,0,4,338
FA0001077,2017-11-22,25,4.6,1613
FA0002152,2018-12-05,10,3.9,224
FA0000943,2016-06-03,71,4.2,667
FA0001220,2013-12-30,35,4.2,74
FA0000326,2014-07-23,10,4.6,416
FA0003825,2019-10-08,5,3.8,17
FA0001306,2018-04-16,40,4.3,557
FA0005172,2017-10-05,1,4.3,416
FA0005421,2019-05-04,0,4.8,1375
FA0001203,2013-09-19,0,4.3,48
FA0000925,2018-05-14,30,4.2,310
FA0000165,2017-09-25,10,4.4,1289
FA0001310,2016-05-03,15,4.5,478
FA0003605,2017-11-06,35,4.2,28
FA0000594,2019-01-08,35,4,240
FA0003787,2016-06-16,31,4,98
FA0001290,2015-04-01,16,4.6,117
FA0000536,2015-03-31,6,3.8,153
FA0000467,2019-06-27,15,4.5,164
FA0003536,2016-06-08,20,4.3,204
FA0002657,2017-03-27,45,4.4,679
FA0000124,2017-07-13,30,4.6,58
FA0004792,2019-11-15,5,4.7,7
FA0001367,2018-12-17,93,4.4,203
FA0000759,2014-12-03,10,4.6,283
FA0003821,2019-03-21,25,4.4,205
FA0000123,2017-08-18,45,4.3,313
FA0000834,2017-03-01,45,4.5,121
FA0000541,2014-06-26,30,4.2,88
FA0003806,2014-07-09,0,2.9,247
FA0000089,2016-11-28,2,4.3,275
FA0003722,2017-03-02,5,4.6,292
FA0004519,2014-02-26,1,4.7,718
FA0005097,2017-08-18,25,4.5,68
FA0000162,2014-01-09,20,4,107
FA0001020,2017-05-04,60,4.3,1429
FA0000011,2015-03-20,40,4.3,119
FA0001077,2017-03-13,195,4.6,1613
FA0003315,2018-03-19,12,4.3,47
FA0002311,2016-02-08,30,4.5,138
FA0002497,2018-01-11,5,4,83
FA0000445,2018-09-12,25,4.3,1351
FA0000481,2015-07-10,25,4.3,118
FA0000785,2013-09-20,30,4.4,216
FA0003783,2015-07-13,0,4.7,48
FA0003814,2019-02-06,35,3.3,9
FA0000279,2016-02-03,20,3.1,1009
FA0000897,2013-02-05,55,4.5,161
FA0004661,2017-03-27,10,4.5,202
FA0001182,2016-06-24,90,4,379
FA0002284,2017-07-31,10,3.8,543
FA0001363,2017-09-11,0,4.4,293
FA0003319,2014-01-23,20,3.7,172
FA0004519,2017-10-11,30,4.7,718
FA0000800,2013-01-11,83,4.5,119
FA0004648,2018-04-13,1,3.6,383
FA0000558,2016-02-24,5,4.4,801
FA0000135,2019-11-12,30,4.5,864
FA0000759,2016-12-08,20,4.6,283
FA0003807,2013-03-14,16,4.8,189
FA0001355,2014-09-19,117,4,93
FA0001161,2014-04-29,0,3.3,103
FA0001272,2019-07-11,90,4.3,354
FA0001272,2016-05-26,75,4.3,354
FA0002868,2019-11-14,10,4.5,807
FA0005050,2018-04-12,15,3.9,28
FA0002416,2013-10-31,34,4.6,263
FA0000649,2019-08-06,45,4.4,106
FA0002750,2018-05-15,73,4.2,107
FA0002145,2016-07-18,34,4.7,79
FA0000493,2016-01-29,50,4.2,427
FA0002868,2018-09-26,120,4.5,807
FA0002478,2017-05-16,25,4.3,366
FA0002385,2016-04-04,8,4.3,55
FA0003485,2016-03-08,35,4.6,781
FA0000840,2019-03-07,10,2.9,618
FA0003002,2018-05-02,35,4.4,61
FA0002311,2017-11-17,35,4.5,138
FA0000031,2015-09-21,0,3.7,622
FA0000351,2017-10-17,0,4,304
FA0000925,2017-03-14,93,4.2,310
FA0002167,2013-01-30,6,4.5,551
FA0000159,2018-08-31,35,4.4,467
FA0003704,2016-03-14,5,4.5,127
FA0004883,2016-07-22,57,4.6,431
FA0000642,2016-05-10,10,3.5,1088
FA0001335,2015-05-12,15,4.5,246
FA0003521,2014-07-28,40,2.7,143
FA0000798,2016-10-19,40,4.4,1328
FA0000841,2014-06-23,15,3.4,1062
FA0002331,2016-05-20,26,4.4,1062
FA0000466,2015-05-12,20,4.1,568
FA0001169,2019-08-21,35,3.8,155
FA0003785,2015-07-20,21,4.1,223
FA0004969,2016-11-10,11,3.5,28
FA0002526,2016-06-10,20,4.3,384
FA0000674,2016-03-25,65,4.2,414
FA0005081,2017-09-05,40,4.5,903
FA0000237,2016-02-03,62,4.4,552
FA0000258,2016-06-16,25,4.6,85
FA0000407,2017-11-29,45,3,523
FA0001017,2015-08-11,0,4.7,37
FA0001512,2018-11-19,20,4.3,218
FA0004789,2019-11-21,0,4.7,422
FA0002385,2017-03-14,25,4.3,55
FA0001330,2017-04-08,20,4.4,663
FA0000234,2016-01-08,112,4.5,355
FA0000421,2014-03-18,0,4.4,158
FA0004521,2018-10-12,35,4.7,367
FA0004996,2019-04-02,20,4.7,733
FA0001292,2016-05-26,15,4,534
FA0001355,2013-04-03,35,4,93
FA0000281,2017-04-05,45,4.4,977
FA0004500,2016-04-07,20,4.3,720
FA0001662,2019-04-08,80,4.5,1019
FA0002759,2019-11-12,35,4.6,696
FA0004595,2014-10-10,8,4.9,183
FA0001094,2013-10-31,10,4.4,353
FA0000925,2019-07-19,45,4.2,310
FA0005130,2019-03-19,5,4.9,258
FA0000233,2017-12-13,20,4.3,184
FA0003543,2017-06-13,0,4.1,127
FA0002434,2017-12-15,0,3.9,408
FA0000247,2017-05-19,24,4.5,21
FA0000132,2017-08-18,30,4.6,394
FA0002152,2017-04-26,25,3.9,224
FA0001046,2017-09-06,55,4.7,187
FA0001091,2019-07-15,0,3.9,896
FA0000494,2018-12-13,56,4.3,178
FA0001183,2013-01-15,26,4.7,878
FA0000526,2018-07-09,102,4.6,1605
FA0000421,2013-08-05,45,4.4,158
FA0004835,2016-07-12,15,4.5,433
FA0000783,2018-11-28,0,4.4,798
FA0003408,2015-03-20,72,4.3,452
FA0005025,2017-01-30,20,4.4,17
FA0000112,2016-06-27,5,3,276
FA0003821,2013-04-03,16,4.4,205
FA0000257,2018-02-02,25,3.8,125
FA0004858,2019-11-08,50,4.4,667
FA0001084,2016-09-01,20,4.5,2034
FA0000233,2016-05-16,35,4.3,184
FA0001294,2014-06-25,15,4.2,622
FA0000879,2019-10-14,55,4,720
FA0000728,2017-07-13,10,4.4,124
FA0004821,2016-10-13,22,3.6,329
FA0001273,2013-12-26,16,4.4,448
FA0000360,2014-04-08,30,4.5,281
FA0002436,2014-01-21,0,4.2,650
FA0003269,2018-11-15,11,4.2,771
FA0002676,2016-10-04,5,4.2,414
FA0000017,2016-07-27,35,4.3,109
FA0000443,2019-09-04,75,4.5,1310
FA0000627,2018-07-09,75,4.3,317
FA0002484,2019-01-11,35,3.4,245
FA0002357,2013-11-07,5,4.2,1016
FA0002027,2016-10-15,15,4.5,1160
FA0000245,2018-01-31,20,4.8,1421
FA0002966,2016-07-12,20,4.2,261
FA0000288,2016-02-29,35,4.4,314
FA0001319,2018-04-09,0,4.3,4
FA0002168,2018-08-22,30,4.1,1083
FA0000679,2017-04-12,35,4,574
FA0003471,2019-06-04,5,4.9,55
FA0002966,2013-03-06,40,4.2,261
FA0004964,2018-07-20,0,4.1,336
FA0000371,2019-03-07,50,4.4,124
FA0001202,2016-08-04,88,4.2,695
FA0000840,2013-09-26,20,2.9,618
FA0001370,2017-05-22,23,3.4,129
FA0002382,2019-11-14,0,4.5,1346
FA0001290,2016-04-15,1,4.6,117
FA0001242,2017-04-24,21,4.6,678
FA0003244,2014-06-25,5,4.4,439
FA0000878,2019-06-19,20,4.5,87
FA0001336,2016-10-26,40,4.2,512
FA0000826,2014-06-18,15,3.1,1405
FA0000818,2019-01-15,45,4.2,170
FA0001343,2018-03-20,105,4.3,308
FA0001229,2017-03-14,30,4.3,229
FA0002863,2018-11-28,15,4.4,454
FA0001191,2016-06-28,20,4.4,643
FA0004750,2015-09-03,27,5,1
FA0000990,2016-01-05,75,4.5,89
FA0003837,2013-09-20,0,4.3,1039
FA0000086,2014-04-18,35,4.3,470
FA0002385,2014-12-01,10,4.3,55
FA0003050,2018-01-18,47,4.1,410
FA0000803,2013-09-19,32,3.7,152
FA0000661,2013-06-24,15,5,26
FA0004505,2015-01-23,15,4.4,170
FA0004821,2018-08-30,40,3.6,329
FA0002857,2014-07-11,20,4.3,82
FA0004949,2019-11-18,75,4.5,1924
FA0002701,2017-09-06,55,4.7,717
FA0004673,2015-04-03,109,4.6,1743
FA0000931,2017-02-15,30,4.6,875
FA0001444,2017-11-01,25,4.7,541
FA0000411,2015-08-17,45,4.5,468
FA0005072,2019-11-14,0,3.9,194
FA0002287,2017-08-15,15,4.5,760
FA0000624,2019-12-17,140,4.7,1101
FA0002526,2018-02-13,40,4.3,384
FA0000332,2016-05-25,35,4.4,463
FA0001020,2015-10-09,50,4.3,1429
FA0001200,2014-12-04,5,4.4,1471
FA0001542,2016-02-18,17,4,33
FA0002839,2014-03-19,45,4.6,310
FA0002661,2014-05-30,0,4.1,367
FA0004652,2014-11-26,0,4.3,284
FA0001288,2019-09-05,15,4.4,1217
FA0000157,2014-04-10,30,4.1,169
FA0000579,2016-05-06,15,3.7,175
FA0000572,2017-09-14,55,4.3,169
FA0000616,2016-05-13,75,4.3,446
FA0000033,2015-02-10,55,3.7,1210
FA0004837,2016-01-07,119,4.2,1184
FA0000770,2019-03-29,55,4.5,532
FA0003565,2017-03-01,112,4.1,495
FA0002021,2017-09-09,15,4.6,1321
FA0001646,2015-02-24,2,3.7,158
FA0001077,2014-09-09,15,4.6,1613
FA0004707,2015-06-09,21,4.9,374
FA0005063,2017-04-14,2,4.3,153
FA0000106,2013-10-28,33,4.3,345
FA0005013,2016-12-20,39,4.2,495
FA0002654,2014-02-14,0,4.4,847
FA0003365,2014-01-09,25,4.5,339
FA0002689,2014-05-29,0,4.7,154
FA0000355,2013-09-20,2,4.2,209
FA0002178,2014-03-14,56,4.5,566
FA0004653,2016-06-21,15,4.2,74
FA0001321,2019-12-03,30,5,2
FA0000578,2018-01-30,5,4.2,261
FA0002230,2014-05-09,0,4.2,218
FA0001336,2013-12-16,10,4.2,512
FA0000831,2013-12-20,35,4.5,56
FA0002699,2014-06-12,40,4.2,246
FA0001375,2015-08-28,11,4.7,176
FA0002631,2015-08-11,15,4.5,550
FA0000432,2013-03-13,0,4.3,296
FA0000230,2014-02-14,1,4.7,506
FA0003584,2016-08-08,0,3.7,41
FA0002021,2014-09-13,25,4.6,1321
FA0001300,2015-01-16,0,3.4,1037
FA0001367,2013-08-12,84,4.4,203
FA0000545,2016-05-04,25,4.3,452
FA0000185,2018-03-07,0,3.7,85
FA0000095,2013-09-19,0,4.7,982
FA0001631,2018-03-06,56,3.6,390
FA0000682,2016-08-01,35,4,378
FA0001347,2017-09-06,45,4.5,600
FA0000245,2014-06-27,40,4.8,1421
FA0001203,2015-03-30,16,4.3,48
FA0001088,2019-10-08,45,4.4,762
FA0000105,2016-06-14,15,4.3,172
FA0001321,2015-02-05,35,5,2
FA0000926,2014-07-02,25,4,35
FA0001368,2014-02-10,35,2.9,32
FA0002393,2018-05-11,2,3.8,44
FA0000257,2013-09-20,15,3.8,125
FA0000657,2017-07-24,0,3.7,260
FA0000364,2014-07-16,0,4.2,817
FA0002657,2018-06-07,15,4.4,679
FA0005506,2019-10-24,15,4.7,422
FA0000654,2016-01-28,90,4.1,621
FA0003606,2015-02-03,15,4.6,1181
FA0000467,2017-10-20,30,4.5,164
FA0003742,2014-06-17,11,4.2,197
FA0002311,2013-09-20,20,4.5,138
FA0000147,2013-06-04,26,4.5,379
FA0000653,2018-03-28,16,4.5,1335
FA0001367,2019-11-20,60,4.4,203
FA0002166,2017-04-28,50,4.2,431
FA0000399,2014-07-11,35,4.6,341
FA0000801,2013-02-13,10,4.7,89
FA0001306,2015-05-29,1,4.3,557
FA0000095,2016-04-14,50,4.7,982
FA0003464,2018-04-19,102,4.6,56
FA0000738,2018-02-21,90,4.3,1553
FA0000587,2013-09-19,4,4.4,346
FA0001363,2015-03-16,15,4.4,293
FA0001114,2018-11-15,30,4.6,599
FA0005033,2017-02-23,1,4.3,357
FA0002186,2015-03-24,63,4.8,326
FA0000783,2014-12-02,10,4.4,798
FA0000818,2015-03-19,46,4.2,170
FA0002653,2015-09-21,2,3.9,525
FA0002343,2013-12-13,54,4.5,290
FA0004837,2019-01-29,20,4.2,1184
FA0000109,2019-05-28,25,3,612
FA0004691,2016-10-13,12,4.3,706
FA0003604,2019-06-11,35,4.6,1885
FA0000493,2013-06-26,75,4.2,427
FA0003258,2019-08-08,20,4.6,142
FA0003337,2017-02-27,25,3.7,436
FA0002497,2015-02-25,10,4,83
FA0002612,2015-02-04,0,3.9,957
FA0001278,2014-06-17,0,4.5,283
FA0000240,2016-05-27,0,3.7,91
FA0004906,2018-08-27,0,4,826
FA0004764,2015-08-31,30,4.5,59
FA0000442,2018-12-14,15,4.4,523
FA0001308,2019-03-07,25,4.2,189
FA0002301,2013-08-23,80,4.4,370
FA0001585,2016-10-06,72,4.7,378
FA0002284,2014-12-11,15,3.8,543
FA0001284,2017-07-24,94,4.3,416
FA0004910,2019-01-29,15,4,376
FA0000031,2017-03-15,20,3.7,622
FA0003485,2014-04-18,25,4.6,781
FA0000657,2015-04-13,30,3.7,260
FA0001192,2016-08-23,109,4.3,337
FA0000941,2017-03-29,22,4.4,475
FA0005347,2019-11-05,0,4.6,536
FA0000293,2013-09-20,20,4.6,394
FA0003365,2019-05-14,55,4.5,339
FA0000851,2019-05-08,15,3.9,863
FA0002826,2017-05-24,6,4.6,355
FA0004539,2019-09-13,40,4.4,116
FA0000996,2019-05-20,25,4.6,615
FA0000130,2016-10-25,20,4.3,92
FA0003551,2017-09-06,0,4.3,213
FA0002171,2014-01-21,70,4,131
FA0001310,2013-09-04,75,4.5,478
FA0002966,2018-11-20,10,4.2,261
FA0002186,2017-08-22,20,4.8,326
FA0001200,2018-08-01,75,4.4,1471
FA0005345,2019-04-25,10,4.9,69
FA0000371,2014-02-19,30,4.4,124
FA0005050,2019-11-12,0,3.9,28
FA0001086,2014-03-17,55,4.1,335
FA0001072,2017-08-25,45,2.7,10
FA0000672,2015-04-10,26,3.6,181
FA0000288,2013-04-10,0,4.4,314
FA0001022,2019-10-08,10,3.3,1498
FA0002492,2016-09-15,64,4.6,380
FA0000458,2016-12-19,45,4.3,269
FA0000630,2019-06-28,15,4.4,488
FA0001036,2018-01-18,45,4.4,445
FA0000093,2015-07-16,5,4.2,698
FA0005449,2019-12-12,30,4.1,242
FA0005246,2018-06-22,69,4.4,9
FA0001512,2016-07-15,25,4.3,218
FA0005227,2018-03-23,55,4.7,231
FA0002143,2019-03-15,45,4.2,432
FA0001515,2017-05-10,0,4.3,137
FA0002168,2019-02-15,0,4.1,1083
FA0000108,2014-10-06,20,4.6,266
FA0000945,2014-05-29,85,4.3,250
FA0000075,2017-04-05,15,4.5,171
FA0001090,2017-03-30,1,3.9,724
FA0000665,2014-04-30,0,4.9,183
FA0000845,2018-10-04,16,2.7,568
FA0000592,2019-01-08,45,4.7,269
FA0000135,2014-03-13,20,4.5,864
FA0002383,2016-09-29,5,4.6,134
FA0003491,2014-12-09,0,4,386
FA0000500,2015-05-20,0,4.2,1235
FA0003258,2017-06-30,60,4.6,142
FA0000821,2017-04-18,10,4.7,194
FA0003562,2014-10-31,26,4,30
FA0000442,2013-09-25,35,4.4,523
FA0004683,2019-06-26,25,4.3,887
FA0001261,2019-08-29,0,4.7,139
FA0000848,2018-09-12,40,4.7,93
FA0000347,2019-11-20,20,4.7,471
FA0000720,2016-07-25,55,4.2,1702
FA0000291,2013-02-19,28,4.7,899
FA0000387,2019-01-15,10,4.3,504
FA0000342,2016-01-11,46,4.2,233
FA0002750,2013-10-21,45,4.2,107
FA0000098,2017-04-11,44,3.7,192
FA0004507,2014-09-02,83,4.6,126
FA0004951,2016-08-25,1,5,77
FA0000247,2019-07-25,45,4.5,21
FA0000976,2015-07-09,50,4.3,229
FA0000331,2015-06-26,36,4.3,1008
FA0000661,2016-03-17,25,5,26
FA0001641,2014-08-18,10,4.1,299
FA0001257,2019-12-04,30,4.4,314
FA0000411,2018-03-19,30,4.5,468
FA0001126,2018-01-24,14,4.8,64
FA0000621,2017-03-28,35,4.2,237
FA0000021,2016-11-09,0,4.9,22
FA0000257,2017-01-18,70,3.8,125
FA0001253,2017-11-01,66,4.1,1241
FA0000024,2017-02-07,29,3.5,143
FA0000996,2014-12-02,30,4.6,615
FA0001021,2019-02-07,30,3.5,1861
FA0005073,2017-05-12,7,4.6,422
FA0002983,2013-09-20,40,4.2,608
FA0001294,2016-07-27,0,4.2,622
FA0000185,2014-04-16,26,3.7,85
FA0000658,2017-11-17,20,4.5,573
FA0002891,2019-12-02,0,4.3,211
FA0002830,2016-10-14,15,4.1,145
FA0002991,2018-06-22,26,3.4,167
FA0002245,2013-09-19,0,4.6,361
FA0003606,2019-08-02,35,4.6,1181
FA0005295,2018-07-05,35,4.7,176
FA0003711,2017-01-12,20,4.6,46
FA0000975,2017-10-30,58,3.8,25
FA0003806,2019-05-16,5,2.9,247
FA0001230,2016-11-15,10,4.1,597
FA0002021,2018-09-28,0,4.6,1321
FA0004604,2014-11-26,0,4.3,233
FA0000582,2018-05-04,30,4.6,573
FA0001192,2013-12-13,32,4.3,337
FA0000582,2017-05-25,26,4.6,573
FA0003583,2016-03-07,15,4.6,118
FA0000295,2017-08-08,5,3.4,70
FA0001543,2014-06-27,20,4.5,323
FA0001161,2019-03-19,15,3.3,103
FA0001060,2014-10-14,26,4.6,288
FA0003585,2019-02-15,25,4.6,288
FA0004866,2016-12-20,51,4.5,28
FA0005191,2017-11-13,10,4.6,1274
FA0000445,2019-11-14,10,4.3,1351
FA0003891,2019-07-09,45,3.8,302
FA0002436,2019-09-10,0,4.2,650
FA0000064,2019-11-08,25,4.2,295
FA0001550,2017-10-25,115,4.3,557
FA0005347,2018-08-18,0,4.6,536
FA0000971,2015-10-12,1,4.6,485
FA0003742,2017-06-23,0,4.2,197
FA0000943,2015-04-15,0,4.2,667
FA0002658,2014-08-19,35,4.5,214
FA0002449,2016-06-09,0,3.8,44
FA0000164,2017-08-17,45,4.3,928
FA0004784,2017-02-15,30,4.5,76
FA0001513,2013-09-19,0,4.3,343
FA0003783,2017-08-25,0,4.7,48
FA0000943,2014-07-31,60,4.2,667
FA0001236,2014-04-17,25,4.4,1106
FA0003585,2014-04-10,35,4.6,288
FA0000972,2016-01-22,10,4.7,254
FA0001286,2016-08-02,80,4.1,480
FA0000474,2017-06-20,36,4.7,1101
FA0002925,2016-03-01,0,4.8,77
FA0003565,2018-01-02,20,4.1,495
FA0005063,2019-12-13,0,4.3,153
FA0001000,2014-07-30,35,3.5,12
FA0004707,2017-05-16,0,4.9,374
FA0002718,2014-04-10,0,4.2,5
FA0005390,2019-06-14,20,4.6,437
FA0001550,2013-06-18,82,4.3,557
FA0000443,2013-03-07,20,4.5,1310
FA0001373,2017-08-25,25,3,84
FA0004989,2017-02-22,20,4.2,157
FA0003781,2017-02-08,10,4.6,199
FA0001283,2017-02-02,10,4.8,373
FA0000574,2019-06-24,15,4.2,159
FA0004641,2017-05-08,10,3.5,614
FA0000386,2014-04-29,25,4.3,138
FA0000679,2019-11-05,10,4,574
FA0001086,2017-07-12,50,4.1,335
FA0000972,2019-03-21,10,4.7,254
FA0002505,2017-03-31,25,4,2462
FA0000579,2017-07-13,1,3.7,175
FA0003827,2013-03-26,22,4.2,214
FA0000831,2016-02-18,40,4.5,56
FA0000181,2013-01-16,60,4.1,1074
FA0004816,2017-04-05,35,4.7,1169
FA0000907,2016-12-07,35,4.3,25
FA0001380,2015-01-29,31,4.4,307
FA0000200,2014-07-29,60,4.6,2995
FA0001645,2018-09-19,41,4.4,262
FA0001247,2014-05-02,15,4.8,379
FA0000863,2018-03-06,20,4.2,571
FA0001163,2015-03-27,38,4,142
FA0003319,2017-04-24,25,3.7,172
FA0002210,2017-09-09,20,3.8,5
FA0002230,2018-01-04,25,4.2,218
FA0000590,2015-07-28,30,4.2,385
FA0004498,2016-02-19,30,3.9,114
FA0003583,2014-07-16,65,4.6,118
FA0002303,2015-01-30,3,4,78
FA0000088,2018-01-12,0,4.5,59
FA0000474,2014-08-12,29,4.7,1101
FA0003857,2016-04-15,22,3.8,302
FA0000845,2015-02-03,0,2.7,568
FA0002863,2016-03-21,0,4.4,454
FA0000421,2017-10-13,0,4.4,158
FA0004757,2015-09-10,11,4.7,201
FA0000303,2015-02-12,5,4.2,512
FA0001278,2016-11-07,6,4.5,283
FA0000017,2014-04-15,20,4.3,109
FA0001195,2018-10-26,35,4.2,89
FA0002966,2014-04-21,11,4.2,261
FA0001253,2019-07-25,90,4.1,1241
FA0000694,2018-03-21,12,4.2,1184
FA0000086,2018-11-08,30,4.3,470
FA0000025,2017-07-17,25,4.3,232
FA0000106,2016-02-01,0,4.3,345
FA0000030,2014-02-26,24,3.8,808
FA0004872,2019-04-04,10,4.7,246
FA0001451,2016-11-21,10,3.5,499
FA0000666,2013-02-26,60,4.6,644
FA0004936,2019-01-30,30,4.4,205
FA0000210,2016-03-14,1,4.4,281
FA0001270,2016-02-19,26,4.6,179
FA0000394,2017-02-23,8,4.1,125
FA0001183,2019-12-02,10,4.7,878
FA0002592,2019-07-03,25,4.6,476
FA0001284,2016-04-15,111,4.3,416
FA0002656,2015-01-20,30,3.6,129
FA0004784,2015-09-28,8,4.5,76
FA0000805,2019-04-22,65,4.2,443
FA0001014,2013-10-25,28,4.7,1147
FA0003307,2018-03-14,0,3.5,263
FA0005418,2019-05-09,15,3.3,576
FA0004511,2019-10-11,0,4.7,181
FA0003703,2019-10-15,0,4.6,436
FA0000084,2018-02-07,46,4.1,684
FA0000677,2016-08-31,60,4.2,297
FA0000494,2014-04-30,20,4.3,178
FA0000594,2016-02-29,20,4,240
FA0005308,2019-06-28,50,4.3,12
FA0000885,2016-12-20,76,4.6,648
FA0000870,2016-04-21,43,4.1,451
FA0004507,2015-06-12,70,4.6,126
FA0001088,2018-08-23,59,4.4,762
FA0003541,2019-10-17,60,4.2,369
FA0001124,2016-12-05,50,4.5,520
FA0000281,2017-05-18,25,4.4,977
FA0000257,2019-12-05,10,3.8,125
FA0005166,2017-10-10,0,4.6,1008
FA0002591,2016-07-08,23,4.5,57
FA0002856,2016-01-07,19,4.1,336
FA0000182,2019-05-06,135,4.3,125
FA0000457,2014-08-18,15,4.4,1603
FA0000808,2014-04-10,0,3.4,27
FA0002868,2014-04-15,43,4.5,807
FA0000841,2017-01-11,10,3.4,1062
FA0005151,2017-08-18,17,4.4,230
FA0000458,2013-11-27,90,4.3,269
FA0002840,2014-04-22,0,4.2,236
FA0003317,2015-02-18,15,4.5,317
FA0002874,2017-04-04,30,4.2,834
FA0002656,2017-07-24,25,3.6,129
FA0003814,2013-01-25,15,3.3,9
FA0000386,2018-03-02,24,4.3,138
FA0002128,2016-04-05,40,4.5,87
FA0000628,2016-02-05,37,4.2,1453
FA0000594,2013-05-06,57,4,240
FA0001237,2014-03-12,15,4.5,523
FA0000327,2014-06-26,50,4.9,24
FA0003711,2014-06-20,10,4.6,46
FA0002383,2016-05-09,40,4.6,134
FA0001076,2017-08-30,24,4.7,893
FA0000613,2019-02-21,30,4.2,188
FA0000436,2014-01-09,10,4.6,487
FA0002505,2019-09-05,10,4,2462
FA0000666,2016-03-04,40,4.6,644
FA0004494,2018-02-22,30,4.4,79
FA0002168,2014-07-02,15,4.1,1083
FA0003491,2018-12-19,20,4,386
FA0001515,2015-01-20,10,4.3,137
FA0000245,2016-08-15,20,4.8,1421
FA0001234,2013-12-30,10,4.2,101
FA0001253,2019-10-11,65,4.1,1241
FA0000801,2017-03-09,42,4.7,89
FA0003769,2019-04-04,0,4.1,920
FA0000754,2016-04-14,50,4.7,588
FA0000696,2016-04-06,5,4.5,513
FA0003585,2016-05-16,65,4.6,288
FA0000909,2017-03-29,15,4.2,1049
FA0000392,2016-02-22,5,4.4,968
FA0002675,2019-10-02,40,4.4,1217
FA0000335,2015-08-11,5,4.5,422
FA0001355,2018-05-01,45,4,93
FA0001251,2017-03-03,75,4.7,308
FA0000844,2015-07-14,61,4.2,77
FA0005267,2018-05-22,77,4,298
FA0001225,2015-08-25,22,4.2,437
FA0002578,2015-12-21,5,3.9,625
FA0000805,2016-05-26,19,4.2,443
FA0000455,2018-08-28,25,4,677
FA0002828,2018-11-07,0,3.3,543
FA0001630,2018-10-26,65,4.6,43
FA0000123,2014-07-10,5,4.3,313
FA0001624,2014-08-06,10,4.3,628
FA0002869,2019-02-26,0,3.6,340
FA0000659,2014-09-09,20,4.4,979
FA0004976,2016-11-14,20,3.7,114
FA0005554,2019-11-06,0,4.5,488
FA0001300,2018-05-17,1,3.4,1037
FA0000030,2016-11-22,10,3.8,808
FA0002331,2018-09-05,20,4.4,1062
FA0000342,2017-12-19,47,4.2,233
FA0000931,2014-05-30,0,4.6,875
FA0001242,2014-09-23,40,4.6,678
FA0001782,2017-04-03,0,4.2,40
FA0002873,2013-12-30,25,4.5,186
FA0002578,2017-01-26,5,3.9,625
FA0003599,2014-03-19,10,4.4,279
FA0000015,2015-04-24,53,4.7,232
FA0000780,2017-12-06,35,4.7,450
FA0004846,2016-02-18,63,4.3,1588
FA0002345,2019-07-02,0,4,507
FA0001230,2014-08-15,30,4.1,597
FA0001167,2013-12-30,55,4.1,67
FA0002162,2015-06-09,39,4.1,174
FA0002665,2017-05-31,143,3.5,240
FA0003521,2016-06-07,5,2.7,143
FA0000829,2014-07-22,25,4.6,314
FA0001663,2013-09-19,59,4.6,574
FA0003410,2017-09-05,40,4.5,851
FA0002393,2019-02-12,10,3.8,44
FA0000558,2018-04-13,15,4.4,801
FA0002186,2014-03-05,46,4.8,326
FA0000714,2016-07-08,30,4.5,554
FA0003784,2019-11-07,10,4.3,335
FA0000968,2013-05-24,60,4.2,10
FA0001363,2018-07-27,60,4.4,293
FA0005038,2019-09-10,25,4.4,177
FA0000679,2016-01-05,13,4,574
FA0003323,2015-02-06,0,4.2,210
FA0001090,2016-05-20,0,3.9,724
FA0000886,2019-08-07,65,4.4,509
FA0000240,2014-04-01,10,3.7,91
FA0001167,2018-05-04,15,4.1,67
FA0000401,2015-01-08,11,4.5,1620
FA0002434,2014-07-30,17,3.9,408
FA0000644,2016-08-11,16,3.3,928
FA0005408,2019-09-10,25,4.1,322
FA0000159,2015-10-26,0,4.4,467
FA0001403,2013-09-05,65,4.5,655
FA0001000,2018-03-14,65,3.5,12
FA0000685,2013-10-08,50,4.8,36
FA0000966,2013-09-19,0,4.3,768
FA0004505,2018-05-11,38,4.4,170
FA0005025,2019-07-02,10,4.4,17
FA0002939,2019-12-13,25,4.4,1217
FA0002718,2016-03-03,37,4.2,5
FA0000621,2014-05-08,5,4.2,237
FA0003703,2016-08-04,25,4.6,436
FA0005329,2019-07-17,65,3.6,15
FA0001288,2014-10-08,85,4.4,1217
FA0002609,2015-11-16,60,4.5,407
FA0000660,2017-09-27,25,4.3,1085
FA0001309,2014-07-22,35,4.4,627
FA0000137,2013-08-30,0,4.4,108
FA0005408,2019-05-29,15,4.1,322
FA0001647,2013-05-24,16,4.3,339
FA0000390,2019-09-17,45,4.5,437
FA0000350,2019-01-30,60,4.4,226
FA0002481,2017-04-18,10,4.2,207
FA0001269,2018-01-26,20,3.7,332
FA0002133,2017-03-21,35,4.6,536
FA0000064,2017-07-31,50,4.2,295
FA0004837,2017-08-22,12,4.2,1184
FA0003466,2018-04-25,0,3.6,223
FA0004844,2016-01-19,13,4,249
FA0003536,2018-06-01,10,4.3,204
FA0000885,2013-10-14,62,4.6,648
FA0003314,2016-07-07,0,4.3,268
FA0000392,2019-06-18,30,4.4,968
FA0003599,2017-04-04,5,4.4,279
FA0002303,2013-12-20,0,4,78
FA0003878,2013-08-01,26,4,240
FA0000346,2014-04-30,12,4.3,499
FA0004884,2016-04-13,20,4,164
FA0003473,2014-05-14,35,4.5,238
FA0003471,2014-05-14,15,4.9,55
FA0002668,2016-11-22,26,3.9,686
FA0003269,2017-02-02,17,4.2,771
FA0004792,2016-05-04,26,4.7,7
FA0001370,2014-02-24,6,3.4,129
FA0003243,2013-01-17,15,4.5,89
FA0001204,2014-03-21,45,3.9,117
FA0002416,2016-01-07,62,4.6,263
FA0001244,2014-02-04,67,4.2,83
FA0000720,2014-08-22,50,4.2,1702
FA0002343,2018-08-14,35,4.5,290
FA0000185,2016-05-12,18,3.7,85
FA0003529,2019-02-25,45,4.1,275
FA0002675,2013-10-01,5,4.4,1217
FA0000251,2013-12-09,117,4.6,914
FA0005508,2019-11-05,0,3,6
FA0001234,2018-05-04,10,4.2,101
FA0000644,2019-06-05,10,3.3,928
FA0000182,2014-12-08,130,4.3,125
FA0001374,2018-06-06,25,4.6,459
FA0002108,2019-03-25,40,3.8,197
FA0000230,2016-08-04,25,4.7,506
FA0002356,2019-01-25,30,4.2,275
FA0001335,2013-11-25,50,4.5,246
FA0000365,2016-11-07,65,3.8,709
FA0000447,2013-01-10,84,3.6,11
FA0004837,2019-11-05,0,4.2,1184
FA0004641,2019-07-09,0,3.5,614
FA0002758,2013-04-04,7,4.6,583
FA0001086,2015-05-27,40,4.1,335
FA0002651,2019-11-05,10,4.4,1067
FA0000473,2018-05-24,62,4.8,267
FA0002856,2018-03-21,20,4.1,336
FA0003243,2013-09-03,90,4.5,89
FA0000233,2014-12-02,45,4.3,184
FA0000466,2019-07-16,70,4.1,568
FA0000193,2017-05-08,20,3.6,616
FA0000966,2019-10-18,30,4.3,768
FA0000970,2017-10-16,60,4.4,299
FA0002152,2017-07-27,20,3.9,224
FA0000831,2017-07-24,50,4.5,56
FA0001319,2019-11-12,0,4.3,4
FA0002703,2016-10-17,75,4.2,333
FA0004853,2016-05-02,63,4.5,315
FA0003529,2016-04-13,45,4.1,275
FA0001124,2014-05-16,20,4.5,520
FA0000279,2016-08-09,0,3.1,1009
FA0001244,2019-10-04,80,4.2,83
FA0002133,2017-11-30,0,4.6,536
FA0005180,2017-10-17,48,4.2,486
FA0001229,2014-05-02,35,4.3,229
FA0005346,2018-10-31,30,5,6
FA0000455,2016-02-17,28,4,677
FA0003913,2013-09-24,21,4.1,29
FA0003599,2019-09-10,10,4.4,279
FA0000332,2017-12-13,20,4.4,463
FA0002513,2017-04-10,0,2.9,189
FA0000666,2018-12-14,15,4.6,644
FA0002562,2017-03-13,20,4.4,909
FA0001200,2013-03-14,60,4.4,1471
FA0001203,2017-03-15,10,4.3,48
FA0004625,2014-09-16,44,4.9,22
FA0000026,2016-04-25,0,3.5,143
FA0003512,2016-07-19,10,3.9,138
FA0003604,2016-05-18,10,4.6,1885
FA0000152,2013-01-08,25,4.4,820
FA0000502,2019-08-29,30,4.6,1450
FA0002790,2013-04-04,0,4,164
FA0000667,2019-01-30,10,4.6,68
FA0005130,2017-07-06,10,4.9,258
FA0003471,2017-09-28,15,4.9,55
FA0000534,2014-07-10,40,4.4,703
FA0001322,2017-08-22,15,4.3,128
FA0000015,2017-10-05,30,4.7,232
FA0002689,2016-08-04,35,4.7,154
FA0000356,2016-03-03,30,4.5,3018
FA0004834,2016-07-28,70,4.6,2226
FA0001291,2014-07-24,30,4.3,352
FA0005218,2019-06-24,0,4.5,320
FA0004764,2018-12-03,24,4.5,59
FA0002133,2019-04-17,15,4.6,536
FA0002442,2015-09-17,18,4.3,439
FA0001225,2019-05-24,0,4.2,437
FA0002873,2017-08-25,16,4.5,186
FA0000725,2015-08-06,16,4.3,757
FA0002694,2014-04-04,0,4.6,512
FA0000590,2014-06-09,30,4.2,385
FA0000394,2013-01-02,10,4.1,125
FA0000133,2014-07-29,35,4,71
FA0004821,2015-11-16,21,3.6,329
FA0000152,2015-07-24,30,4.4,820
FA0000590,2016-06-01,70,4.2,385
FA0004663,2015-02-24,2,4,46
FA0000515,2019-08-29,30,4.7,113
FA0000281,2015-10-15,42,4.4,977
FA0000973,2013-06-24,30,3.8,111
FA0003257,2019-11-14,35,4.5,913
FA0000829,2017-09-27,15,4.6,314
FA0001294,2019-04-08,0,4.2,622
FA0000721,2019-11-13,15,4.2,861
FA0000502,2016-04-04,10,4.6,1450
FA0002661,2018-11-19,3,4.1,367
FA0005165,2017-10-09,0,4.2,325
FA0000515,2015-06-26,100,4.7,113
FA0003410,2018-06-12,10,4.5,851
FA0002609,2014-08-21,45,4.5,407
FA0002867,2015-01-13,11,4.7,62
FA0004661,2019-03-06,35,4.5,202
FA0003599,2015-08-11,1,4.4,279
FA0005033,2019-09-09,0,4.3,357
FA0001230,2013-06-06,10,4.1,597
FA0000678,2014-04-11,10,4.2,351
FA0004790,2016-02-26,0,4.9,131
FA0000474,2019-11-14,20,4.7,1101
FA0005151,2019-04-18,105,4.4,230
FA0004761,2015-08-21,10,4.1,18
FA0001198,2019-12-17,0,3.8,586
FA0004735,2015-07-23,1,4.8,402
FA0002719,2019-10-16,0,4.1,189
FA0000590,2018-05-18,60,4.2,385
FA0000230,2015-07-17,10,4.7,506
FA0001642,2016-05-19,5,3.3,27
FA0004521,2019-04-16,15,4.7,367
FA0000476,2015-04-01,30,4.6,1392
FA0002145,2019-06-25,55,4.7,79
FA0001493,2013-10-11,12,4.3,562
FA0000821,2014-04-25,0,4.7,194
FA0000347,2017-05-08,27,4.7,471
FA0002108,2013-07-19,50,3.8,197
FA0000067,2017-07-18,45,4.6,2491
FA0000747,2014-08-01,15,4.5,378
FA0000923,2017-01-23,25,4.1,323
FA0003536,2018-08-08,0,4.3,204
FA0000331,2015-01-29,55,4.3,1008
FA0000931,2019-09-12,10,4.6,875
FA0001186,2019-09-16,0,3.5,778
FA0004941,2016-08-26,41,4.4,623
FA0000303,2019-12-18,35,4.2,512
FA0001203,2019-03-19,10,4.3,48
FA0000356,2019-02-21,30,4.5,3018
FA0000511,2015-07-29,20,4.3,1085
FA0002382,2018-07-30,115,4.5,1346
FA0000237,2013-07-30,145,4.4,552
FA0000898,2016-02-18,50,4.3,113
FA0005083,2019-10-08,0,3.6,42
FA0000445,2014-06-16,0,4.3,1351
FA0003487,2014-01-09,0,4.5,1160
FA0000747,2017-08-18,42,4.5,378
FA0003473,2017-11-21,20,4.5,238
FA0004982,2018-07-13,20,4.2,324
FA0001663,2015-12-18,66,4.6,574
FA0001260,2016-11-01,50,5,2
FA0000582,2013-09-20,45,4.6,573
FA0002561,2018-04-11,23,4.4,35
FA0000968,2017-08-08,15,4.2,10
FA0003269,2014-01-29,21,4.2,771
FA0000970,2018-10-22,35,4.4,299
FA0002393,2014-08-15,0,3.8,44
FA0002513,2019-02-25,5,2.9,189
FA0001643,2018-06-01,15,4.2,232
FA0002631,2017-03-09,15,4.5,550
FA0000057,2016-04-07,20,4.4,2079
FA0001126,2014-12-03,21,4.8,64
FA0000644,2013-03-28,10,3.3,928
FA0000611,2015-04-09,55,4.5,1401
FA0004761,2017-05-02,25,4.1,18
FA0002152,2015-12-03,60,3.9,224
FA0000092,2018-10-09,30,4.7,50
FA0003255,2019-10-02,35,4.3,154
FA0001022,2016-10-11,20,3.3,1498
FA0000941,2015-07-29,55,4.4,475
FA0002143,2015-10-12,60,4.2,432
FA0002562,2018-10-17,5,4.4,909
FA0000038,2016-02-25,37,4.9,69
FA0003255,2016-08-08,30,4.3,154
FA0001004,2019-04-17,0,4.3,363
FA0003813,2019-02-28,15,4.8,354
FA0004659,2016-05-12,0,3.8,692
FA0000844,2019-10-08,15,4.2,77
FA0000674,2013-08-14,90,4.2,414
FA0000406,2017-10-11,10,3.6,456
FA0001290,2019-05-21,0,4.6,117
FA0000995,2014-10-20,10,4.3,272
FA0001169,2017-03-17,50,3.8,155
FA0001138,2019-10-30,60,4.4,1110
FA0001240,2013-09-19,16,4.7,165
FA0003799,2017-12-13,41,4.3,39
FA0002704,2016-06-08,55,4.3,258
FA0002301,2016-03-15,15,4.4,370
FA0000834,2018-04-18,35,4.5,121
FA0003566,2017-03-28,35,4.1,129
FA0002815,2017-01-13,80,4.3,361
FA0001286,2014-07-24,15,4.1,480
FA0002178,2019-02-26,55,4.5,566
FA0002167,2017-04-25,55,4.5,551
FA0005494,2019-10-01,15,4.5,924
FA0001183,2017-03-27,22,4.7,878
FA0000926,2017-11-15,100,4,35
FA0001253,2013-01-28,55,4.1,1241
FA0004929,2016-08-22,0,4.4,505
FA0000697,2014-07-17,40,4.4,352
FA0000654,2019-08-27,15,4.1,621
FA0000990,2018-11-01,8,4.5,89
FA0003851,2017-04-15,5,4.2,419
FA0002133,2016-09-09,45,4.6,536
FA0000545,2014-06-19,15,4.3,452
FA0004789,2015-11-10,12,4.7,422
FA0000365,2019-11-07,0,3.8,709
FA0004995,2017-04-17,24,4.3,8
FA0003540,2014-05-21,40,4.2,419
FA0000278,2014-02-19,25,4.3,1185
FA0002939,2018-06-28,45,4.4,1217
FA0003585,2017-10-19,25,4.6,288
FA0001074,2014-05-21,35,4.5,903
FA0002704,2014-04-08,55,4.3,258
FA0000252,2016-03-28,15,4.9,15
FA0001191,2016-03-15,70,4.4,643
FA0003851,2018-04-14,55,4.2,419
FA0001167,2016-06-15,1,4.1,67
FA0002332,2014-06-06,15,3.6,1505
FA0000847,2015-06-12,10,3,523
FA0002163,2016-05-26,0,4.7,623
FA0005283,2019-06-06,0,4.8,402
FA0000343,2013-10-15,0,3.7,96
FA0001022,2016-01-15,3,3.3,1498
FA0001310,2018-11-27,25,4.5,478
FA0001138,2013-09-20,50,4.4,1110
FA0001444,2015-05-12,15,4.7,541
FA0000627,2014-01-07,45,4.3,317
FA0002823,2014-06-27,35,4.3,488
FA0000872,2013-07-03,29,4,194
FA0002758,2019-09-26,40,4.6,583
FA0000411,2019-06-11,35,4.5,468
FA0000406,2014-04-02,11,3.6,456
FA0003605,2014-12-10,0,4.2,28
FA0002745,2016-12-19,60,4.4,146
FA0003319,2019-07-03,25,3.7,172
FA0004603,2016-04-22,20,4.5,2
FA0002983,2016-04-19,25,4.2,608
FA0001451,2014-06-06,15,3.5,499
FA0004659,2018-04-16,0,3.8,692
FA0001624,2016-10-19,38,4.3,628
FA0002357,2019-03-05,5,4.2,1016
FA0000611,2018-05-17,25,4.5,1401
FA0005008,2019-04-04,65,4.2,297
FA0000384,2018-08-06,15,4,1318
FA0000347,2014-06-02,10,4.7,471
FA0001368,2015-12-02,1,2.9,32
FA0000105,2014-06-02,15,4.3,172
FA0000115,2014-03-24,10,3.1,625
FA0000150,2017-05-02,20,4.6,15
FA0001338,2014-03-05,17,4.7,177
FA0002925,2019-09-06,0,4.8,77
FA0004847,2016-02-12,40,3.7,67
FA0002750,2016-03-28,35,4.2,107
FA0001055,2014-04-08,5,3.7,38
FA0000010,2015-07-14,0,4.7,937
FA0004654,2018-07-12,20,5,11
FA0001007,2014-04-18,50,4.1,64
FA0000133,2017-04-12,32,4,71
FA0001447,2019-12-03,15,3.9,184
FA0003323,2013-11-13,27,4.2,210
FA0003487,2016-10-28,30,4.5,1160
FA0001646,2017-03-06,50,3.7,158
FA0004936,2016-08-01,0,4.4,205
FA0000238,2014-10-06,20,4,103
FA0002128,2013-10-12,5,4.5,87
FA0001549,2019-05-14,20,4.6,455
FA0001447,2014-08-13,20,3.9,184
FA0000785,2017-08-15,20,4.4,216
FA0002757,2019-10-10,40,4.6,86
FA0003821,2017-05-04,50,4.4,205
FA0000392,2013-06-12,40,4.4,968
FA0005425,2019-04-29,40,5,3
FA0001220,2017-10-12,0,4.2,74
FA0001242,2016-08-26,95,4.6,678
FA0000339,2016-04-15,20,4.5,1071
FA0002132,2016-12-08,95,4.3,447
FA0003879,2016-05-17,30,4.1,543
FA0005211,2018-03-26,0,4.4,488
FA0000931,2014-12-02,23,4.6,875
FA0003365,2016-01-15,35,4.5,339
FA0000541,2015-07-01,30,4.2,88
FA0002828,2013-09-20,5,3.3,543
FA0004683,2017-03-28,15,4.3,887
FA0002979,2016-06-29,5,3.7,68
FA0000314,2018-02-28,49,4.4,382
FA0002703,2017-10-30,30,4.2,333
FA0000522,2014-05-28,10,4.5,366
FA0000684,2017-03-17,65,4,1279
FA0003350,2015-08-28,10,3.9,378
FA0004885,2016-05-16,20,4.2,640
FA0000021,2019-04-04,0,4.9,22
FA0001055,2014-10-10,10,3.7,38
FA0000421,2016-05-23,85,4.4,158
FA0003827,2016-02-16,25,4.2,214
FA0001343,2016-10-25,80,4.3,308
FA0002868,2019-04-17,0,4.5,807
FA0002665,2018-01-17,119,3.5,240
FA0000656,2018-04-10,40,4.3,317
FA0004539,2017-03-14,20,4.4,116
FA0003522,2018-08-28,0,4.4,346
FA0003857,2017-10-06,22,3.8,302
FA0000057,2013-11-05,18,4.4,2079
FA0005066,2019-07-11,5,4.5,340
FA0002330,2018-01-26,0,4,511
FA0000132,2015-05-04,10,4.6,394
FA0004766,2018-02-07,30,4.3,628
FA0005010,2018-07-05,20,3.9,535
FA0000493,2017-05-02,105,4.2,427
FA0000803,2019-11-13,5,3.7,152
FA0000110,2014-04-16,11,3.5,324
FA0000140,2014-04-03,100,4.8,485
FA0001161,2019-09-17,15,3.3,103
FA0001017,2014-04-11,10,4.7,37
FA0004750,2019-03-07,0,5,1
FA0000805,2015-06-10,31,4.2,443
FA0002434,2015-03-30,18,3.9,408
FA0001055,2017-04-11,0,3.7,38
FA0003592,2014-07-22,17,4.8,226
FA0000783,2013-09-19,0,4.4,798
FA0000105,2019-06-10,85,4.3,172
FA0001373,2015-09-06,15,3,84
FA0001363,2019-06-19,65,4.4,293
FA0000677,2014-04-01,42,4.2,297
FA0000346,2014-01-08,5,4.3,499
FA0000079,2015-08-13,42,4.2,662
FA0003002,2016-04-26,15,4.4,61
FA0000147,2019-12-05,55,4.5,379
FA0000457,2016-06-08,20,4.4,1603
FA0000466,2018-07-18,82,4.1,568
FA0003592,2017-02-15,70,4.8,226
FA0005319,2019-10-16,10,4,3
FA0002284,2019-10-04,0,3.8,543
FA0004769,2017-09-19,35,4.4,330
FA0001243,2019-11-06,0,4.5,488
FA0005204,2018-01-04,0,4.6,465
FA0000963,2017-12-07,35,4.7,235
FA0000782,2013-12-20,52,4.3,183
FA0001017,2017-03-24,11,4.7,37
FA0000238,2015-09-09,41,4,103
FA0000654,2016-12-23,109,4.1,621
FA0004648,2016-05-12,1,3.6,383
FA0002330,2016-02-26,15,4,511
FA0000331,2018-04-10,45,4.3,1008
FA0003614,2017-04-10,10,4.9,125
FA0000350,2017-06-06,70,4.4,226
FA0000291,2016-04-08,20,4.7,899
FA0002339,2013-01-16,65,4.3,352
FA0003799,2019-01-22,55,4.3,39
FA0003472,2014-04-16,25,4.3,170
FA0004526,2016-10-10,10,4,518
FA0002694,2016-09-30,25,4.6,512
FA0000666,2015-02-05,25,4.6,644
FA0002108,2014-08-15,15,3.8,197
FA0002076,2013-12-09,15,4.6,235
FA0001283,2015-03-17,30,4.8,373
FA0000493,2019-05-15,45,4.2,427
FA0004648,2014-11-25,0,3.6,383
FA0001168,2013-09-19,0,3.9,61
FA0000605,2017-04-10,15,4.6,174
FA0003473,2016-05-23,35,4.5,238
FA0001240,2017-08-07,15,4.7,165
FA0005067,2017-06-26,60,4.2,477
FA0000882,2015-01-21,39,4.4,515
FA0000751,2019-09-04,5,4.2,676
FA0000024,2019-07-22,55,3.5,143
FA0000881,2017-07-03,35,4.7,651
FA0000672,2017-03-23,10,3.6,181
FA0004497,2016-03-25,55,4.1,469
FA0000851,2016-07-26,25,3.9,863
FA0004880,2018-01-25,0,3.9,1259
FA0000193,2015-06-08,0,3.6,616
FA0004673,2015-12-30,0,4.6,1743
FA0002152,2017-03-17,22,3.9,224
FA0001643,2016-02-16,35,4.2,232
FA0000098,2014-07-11,40,3.7,192
FA0001182,2017-05-10,81,4,379
FA0000340,2017-07-24,30,4.5,280
FA0002331,2013-01-15,40,4.4,1062
FA0000399,2017-07-06,60,4.6,341
FA0001036,2016-03-02,45,4.4,445
FA0004654,2015-06-15,0,5,11
FA0002925,2013-07-30,25,4.8,77
FA0004736,2018-01-17,50,4.3,595
FA0000238,2017-05-02,75,4,103
FA0002186,2019-07-25,30,4.8,326
FA0005212,2018-03-26,5,3.4,8
FA0002435,2019-02-25,10,3.8,373
FA0003522,2016-06-16,25,4.4,346
FA0001338,2017-04-06,80,4.7,177
FA0001662,2013-11-25,85,4.5,1019
FA0002506,2019-06-27,30,4.7,951
FA0002076,2019-01-30,15,4.6,235
FA0000782,2015-12-10,51,4.3,183
FA0000355,2018-10-30,5,4.2,209
FA0000673,2014-05-02,11,3.7,178
FA0000743,2015-03-12,40,4.6,178
FA0000887,2018-04-18,30,4.4,611
FA0001347,2014-07-03,35,4.5,600
FA0001292,2018-11-13,15,4,534
FA0002630,2013-11-18,25,3.9,971
FA0001272,2017-04-21,40,4.3,354
FA0003529,2013-11-25,26,4.1,275
FA0003850,2013-06-25,23,4.3,243
FA0000402,2016-08-04,20,4.6,547
FA0003255,2014-07-01,50,4.3,154
FA0000628,2013-02-13,45,4.2,1453
FA0000445,2017-07-05,15,4.3,1351
FA0002076,2016-07-14,1,4.6,235
FA0000547,2014-08-19,63,4.5,283
FA0002792,2016-03-07,5,4,844
FA0000847,2013-09-20,0,3,523
FA0001543,2017-11-29,30,4.5,323
FA0000500,2016-08-03,25,4.2,1235
FA0000656,2013-10-29,74,4.3,317
FA0000758,2016-11-14,0,3.7,432
FA0003463,2015-05-18,0,4.4,1398
FA0004858,2016-04-07,20,4.4,667
FA0000847,2015-10-16,0,3,523
FA0000335,2017-08-25,25,4.5,422
FA0000436,2019-12-12,75,4.6,487
FA0005233,2018-09-08,0,4.5,59
FA0000327,2016-07-21,50,4.9,24
FA0000406,2016-06-16,15,3.6,456
FA0000135,2017-03-10,20,4.5,864
FA0000728,2015-04-10,11,4.4,124
FA0002128,2013-07-18,55,4.5,87
FA0003315,2016-03-07,0,4.3,47
FA0001645,2015-05-26,1,4.4,262
FA0001524,2014-07-29,0,4.3,271
FA0000959,2017-11-06,20,4.5,315
FA0004518,2016-07-07,25,4.5,437
FA0000314,2017-04-05,50,4.4,382
FA0001091,2017-03-30,0,3.9,896
FA0001057,2017-03-06,0,3.8,370
FA0003680,2017-01-23,70,4.4,171
FA0002856,2013-09-04,18,4.1,336
FA0001513,2015-01-20,0,4.3,343
FA0002668,2019-04-09,0,3.9,686
FA0003471,2016-06-02,35,4.9,55
FA0001347,2018-05-10,30,4.5,600
FA0002303,2019-07-12,0,4,78
FA0000256,2018-05-18,20,4.2,27
FA0000018,2019-08-21,5,4.7,150
FA0001195,2014-04-09,0,4.2,89
FA0003541,2017-04-10,50,4.2,369
FA0000605,2014-05-07,15,4.6,174
FA0001513,2016-12-16,25,4.3,343
FA0002471,2014-07-15,20,3.7,598
FA0000942,2014-06-12,30,4.4,321
FA0000010,2014-03-24,7,4.7,937
FA0003781,2014-05-07,0,4.6,199
FA0001242,2017-12-19,35,4.6,678
FA0000015,2013-07-31,40,4.7,232
FA0000881,2013-06-12,26,4.7,651
FA0003543,2014-07-28,0,4.1,127
FA0000881,2015-09-30,10,4.7,651
FA0000907,2019-04-04,30,4.3,25
FA0001492,2016-03-14,0,4.8,4
FA0002492,2019-06-14,30,4.6,380
FA0000108,2018-09-06,15,4.6,266
FA0003307,2016-01-05,12,3.5,263
FA0001447,2017-07-25,40,3.9,184
FA0000458,2019-02-20,35,4.3,269
FA0000785,2018-06-27,21,4.4,216
FA0002357,2016-04-11,15,4.2,1016
FA0001524,2019-12-13,0,4.3,271
FA0004653,2014-12-04,0,4.2,74
FA0002471,2019-05-09,15,3.7,598
FA0004683,2015-05-26,26,4.3,887
FA0005422,2019-10-09,80,5,5
FA0001261,2018-06-14,0,4.7,139
FA0000127,2015-09-01,12,4,48
FA0000162,2016-09-15,17,4,107
FA0003267,2016-03-03,10,4.1,534
FA0001126,2015-05-20,43,4.8,64
FA0003851,2016-04-02,10,4.2,419
FA0001595,2016-08-26,20,3.4,35
FA0004651,2015-01-07,0,4.4,28
FA0000615,2016-09-08,20,4.5,105
FA0001647,2016-03-30,40,4.3,339
FA0000579,2014-04-11,0,3.7,175
FA0002315,2019-06-27,70,4.2,519
FA0001288,2016-03-29,85,4.4,1217
FA0002991,2014-02-13,35,3.4,167
FA0002162,2017-05-03,25,4.1,174
FA0001732,2015-03-24,10,4.7,1490
FA0003891,2013-10-04,0,3.8,302
FA0001451,2019-09-17,15,3.5,499
FA0003737,2015-04-15,10,4.6,332
FA0000337,2016-07-28,0,4,98
FA0000785,2016-04-11,6,4.4,216
FA0001554,2014-04-11,0,4.7,91
FA0001493,2016-02-12,60,4.3,562
FA0000660,2018-08-28,23,4.3,1085
FA0003787,2013-09-19,5,4,98
FA0001403,2017-03-06,25,4.5,655
FA0001760,2016-01-22,15,4.2,771
FA0001198,2014-12-02,0,3.8,586
FA0000418,2017-08-08,20,4.5,974
FA0005066,2017-04-14,3,4.5,340
FA0000522,2015-10-07,0,4.5,366
FA0002505,2014-06-18,15,4,2462
FA0002645,2016-05-23,60,4.4,74
FA0002578,2019-06-27,10,3.9,625
FA0000355,2013-07-03,145,4.2,209
FA0000025,2016-01-29,30,4.3,232
FA0004638,2014-11-24,69,4.6,1364
FA0001343,2019-11-07,100,4.3,308
FA0000115,2019-05-15,0,3.1,625
FA0002792,2018-10-23,0,4,844
FA0002948,2016-09-01,12,4.1,348
FA0000242,2017-04-06,32,4,2
FA0004860,2018-02-02,35,3.8,467
FA0000401,2017-08-22,45,4.5,1620
FA0000888,2018-11-29,15,4.3,71
FA0003851,2017-06-14,10,4.2,419
FA0001191,2015-06-12,80,4.4,643
FA0002830,2017-05-25,20,4.1,145
FA0004841,2016-07-14,20,4.6,215
FA0000675,2014-07-08,35,4.5,3357
FA0000257,2015-10-06,61,3.8,125
FA0000737,2017-03-21,19,4.2,262
FA0003536,2014-04-07,10,4.3,204
FA0000592,2013-09-20,40,4.7,269
FA0000798,2019-02-15,25,4.4,1328
FA0001014,2016-03-03,15,4.7,1147
FA0000359,2013-11-04,88,4.2,861
FA0002857,2017-05-25,4,4.3,82
FA0003879,2013-07-11,31,4.1,543
FA0005038,2017-02-23,62,4.4,177
FA0000580,2013-08-20,30,4.7,260
FA0003584,2018-01-29,5,3.7,41
FA0001084,2018-04-03,60,4.5,2034
FA0004750,2016-12-16,0,5,1
FA0002230,2016-07-12,10,4.2,218
FA0000108,2017-10-12,2,4.6,266
FA0000493,2018-01-31,43,4.2,427
FA0002210,2014-09-13,55,3.8,5
FA0002629,2018-06-29,40,4.3,67
FA0000790,2013-12-05,43,4.2,419
FA0001732,2019-12-05,35,4.7,1490
FA0004792,2016-11-03,15,4.7,7
FA0001542,2019-12-10,25,4,33
FA0000826,2016-08-16,50,3.1,1405
FA0002332,2017-08-29,30,3.6,1505
FA0004735,2017-07-12,50,4.8,402
FA0000356,2013-01-02,25,4.5,3018
FA0000969,2017-10-30,45,4.1,336
FA0000909,2014-05-01,20,4.2,1049
FA0000486,2018-05-22,80,4.5,2352
FA0000675,2019-04-09,30,4.5,3357
FA0000038,2015-02-02,35,4.9,69
FA0001175,2014-05-02,12,4.7,270
FA0000089,2019-05-16,25,4.3,275
FA0004879,2016-05-12,33,4.6,388
FA0003872,2013-07-23,7,4.6,300
FA0000414,2013-10-28,80,4.7,87
FA0000137,2016-08-12,0,4.4,108
FA0000682,2019-06-17,105,4,378
FA0004626,2016-07-21,0,4.5,92
FA0002449,2013-11-26,30,3.8,44
FA0000995,2013-03-25,0,4.3,272
FA0002442,2017-06-13,45,4.3,439
FA0005022,2016-12-21,6,4.5,273
FA0002294,2016-02-11,74,4.1,217
FA0000026,2014-01-07,16,3.5,143
FA0005196,2017-12-05,62,4.4,755
FA0003410,2014-08-07,30,4.5,851
FA0000579,2019-11-21,0,3.7,175
FA0000258,2014-05-21,45,4.6,85
FA0001306,2014-08-18,22,4.3,557
FA0002157,2014-03-12,15,4.8,72
FA0004661,2015-03-16,15,4.5,202
FA0000603,2019-02-22,40,4.1,411
FA0000957,2016-09-26,65,4.2,264
FA0000830,2015-08-19,5,4.5,821
FA0000159,2018-04-18,15,4.4,467
FA0001054,2014-04-10,0,4.2,266
FA0000790,2016-02-26,20,4.2,419
FA0004848,2016-03-29,49,4.3,906
FA0000406,2019-03-07,65,3.6,456
FA0003315,2013-04-17,20,4.3,47
FA0000443,2018-08-09,85,4.5,1310
FA0000396,2017-09-14,35,4.6,481
FA0002657,2014-05-30,20,4.4,679
FA0003821,2014-08-11,25,4.4,205
FA0003784,2015-03-09,6,4.3,335
FA0005405,2019-08-23,15,4.5,43
FA0002657,2019-12-09,10,4.4,679
FA0000455,2013-05-16,35,4,677
FA0000033,2018-10-17,15,3.7,1210
FA0000351,2014-04-16,15,4,304
FA0001055,2015-05-04,0,3.7,38
FA0002027,2015-10-03,10,4.5,1160
FA0001036,2018-05-08,40,4.4,445
FA0002939,2014-07-10,0,4.4,1217
FA0004880,2019-05-15,25,3.9,1259
FA0004839,2016-04-26,1,4.3,1588
FA0005271,2018-05-23,39,4.6,915
FA0000538,2014-06-11,10,4.4,457
FA0001198,2017-04-07,46,3.8,586
FA0000629,2016-05-27,0,4.1,302
FA0000731,2019-10-07,20,4.4,1032
FA0001267,2015-09-06,45,4.5,844
FA0001166,2014-09-05,18,3.5,78
FA0001124,2017-10-10,38,4.5,520
FA0002697,2014-09-26,10,3.2,588
FA0001055,2019-07-17,0,3.7,38
FA0003857,2019-11-18,80,3.8,302
FA0000365,2014-03-11,60,3.8,709
FA0002757,2014-08-01,30,4.6,86
FA0004500,2019-05-06,10,4.3,720
FA0001492,2017-04-06,0,4.8,4
FA0003542,2017-11-01,60,4.5,394
FA0004706,2017-05-03,0,4.6,211
FA0000972,2017-05-10,15,4.7,254
FA0000963,2014-05-23,25,4.7,235
FA0000941,2017-07-18,10,4.4,475
FA0000061,2014-05-28,10,4.4,387
FA0000684,2013-12-03,15,4,1279
FA0004604,2017-06-15,40,4.3,233
FA0001215,2019-05-21,50,4.9,8
FA0001236,2017-05-02,27,4.4,1106
FA0000414,2016-05-26,11,4.7,87
FA0001007,2018-04-20,30,4.1,64
FA0000941,2013-09-20,55,4.4,475
FA0000164,2016-04-12,35,4.3,928
FA0000656,2017-05-02,50,4.3,317
FA0003257,2014-03-04,0,4.5,913
FA0004519,2016-05-06,0,4.7,718
FA0002830,2014-02-25,0,4.1,145
FA0000257,2019-01-29,15,3.8,125
FA0001344,2013-09-26,40,3.4,289
FA0000304,2013-07-16,15,4.3,503
FA0002719,2015-12-02,1,4.1,189
FA0001550,2016-07-14,10,4.3,557
FA0002869,2014-06-04,0,3.6,340
FA0002435,2019-06-20,0,3.8,373
FA0000642,2019-07-22,0,3.5,1088
FA0000688,2019-11-25,10,4.3,76
FA0001198,2016-05-23,5,3.8,586
FA0000751,2016-08-05,17,4.2,676
FA0002758,2017-12-01,59,4.6,583
FA0001090,2018-03-06,15,3.9,724
FA0001306,2016-11-30,25,4.3,557
FA0000969,2014-04-01,0,4.1,336
FA0001225,2019-01-14,60,4.2,437
FA0000100,2016-08-01,55,4.7,134
FA0000773,2018-07-20,50,3.9,233
FA0000838,2016-04-13,25,4.5,414
FA0004663,2016-01-04,5,4,46
FA0002345,2016-01-21,0,4,507
FA0003470,2019-12-03,25,4.6,86
FA0000025,2019-02-14,30,4.3,232
FA0000535,2017-04-03,30,4.3,297
FA0003801,2018-05-30,17,4.6,328
FA0000872,2014-02-28,20,4,194
FA0003540,2016-07-08,10,4.2,419
FA0001186,2015-01-20,10,3.5,778
FA0000843,2016-12-23,0,3.4,706
FA0002435,2015-01-28,0,3.8,373
FA0002315,2013-03-28,40,4.2,519
FA0002630,2015-04-30,23,3.9,971
FA0003485,2019-10-14,10,4.6,781
FA0004761,2019-12-12,20,4.1,18
FA0003562,2018-02-01,17,4,30
FA0000486,2013-06-06,13,4.5,2352
FA0005386,2019-07-17,5,4.5,876
FA0000959,2019-02-22,35,4.5,315
FA0002656,2019-11-22,10,3.6,129
FA0001585,2015-09-15,19,4.7,378
FA0004977,2019-07-17,0,4.2,408
FA0000288,2018-04-04,62,4.4,314
FA0004907,2019-04-16,10,3.9,1070
FA0000721,2019-05-06,0,4.2,861
FA0001183,2014-08-07,10,4.7,878
FA0000115,2016-11-07,0,3.1,625
FA0002562,2015-09-08,17,4.4,909
FA0000679,2013-02-25,15,4,574
FA0000127,2016-11-10,5,4,48
FA0000304,2017-09-26,31,4.3,503
FA0004769,2015-09-01,20,4.4,330
FA0001760,2013-08-21,49,4.2,771
FA0000110,2019-07-03,5,3.5,324
FA0004879,2018-10-11,40,4.6,388
FA0002591,2014-06-11,15,4.5,57
FA0000536,2013-06-13,25,3.8,153
FA0003002,2014-02-19,15,4.4,61
FA0000392,2013-10-15,0,4.4,968
FA0004511,2019-04-17,20,4.7,181
FA0002654,2016-06-02,0,4.4,847
FA0001257,2016-07-26,0,4.4,314
FA0000024,2019-10-11,45,3.5,143
FA0001367,2016-02-23,40,4.4,203
FA0001355,2019-01-10,70,4,93
FA0000655,2017-09-06,30,4.1,69
FA0000340,2015-04-10,2,4.5,280
FA0000337,2013-12-18,50,4,98
FA0002471,2016-12-22,15,3.7,598
FA0000644,2019-04-05,55,3.3,928
FA0000798,2017-10-31,73,4.4,1328
FA0003410,2013-01-02,30,4.5,851
FA0000390,2014-05-07,0,4.5,437
FA0000230,2017-09-06,30,4.7,506
FA0000574,2016-12-27,20,4.2,159
FA0002205,2014-10-09,42,4.5,341
FA0004539,2014-04-29,4,4.4,116
FA0004668,2016-11-30,20,4.3,252
FA0002592,2016-09-01,5,4.6,476
FA0001247,2017-04-07,60,4.8,379
FA0003463,2018-11-19,0,4.4,1398
FA0000133,2019-09-27,0,4,71
FA0001647,2019-03-19,25,4.3,339
FA0001782,2013-07-23,31,4.2,40
FA0000684,2017-11-02,20,4,1279
FA0000067,2014-03-10,47,4.6,2491
FA0003825,2015-02-03,20,3.8,17
FA0000644,2015-12-10,20,3.3,928
FA0002382,2018-10-25,112,4.5,1346
FA0001549,2013-01-10,88,4.6,455
FA0000457,2018-03-23,0,4.4,1603
FA0003337,2018-10-15,5,3.7,436
FA0003851,2013-10-14,6,4.2,419
FA0005050,2017-04-11,1,3.9,28
FA0003265,2014-05-07,0,4.3,242
FA0004836,2017-05-10,0,3.7,197
FA0000458,2014-12-11,95,4.3,269
FA0000278,2019-09-10,25,4.3,1185
FA0000021,2014-06-18,10,4.9,22
FA0001200,2016-08-24,85,4.4,1471
FA0000011,2017-05-02,0,4.3,119
FA0002152,2014-04-03,63,3.9,224
FA0003821,2018-06-21,35,4.4,205
FA0000649,2016-09-28,12,4.4,106
FA0003566,2014-04-29,5,4.1,129
FA0000803,2017-03-15,5,3.7,152
FA0002873,2014-07-02,0,4.5,186
FA0004951,2017-07-11,20,5,77
FA0000628,2017-05-15,55,4.2,1453
FA0003541,2016-03-18,60,4.2,369
FA0004647,2016-10-19,15,4.4,729
FA0000957,2013-08-15,58,4.2,264
FA0001300,2014-03-24,4,3.4,1037
FA0000639,2013-09-24,10,4.1,346
FA0001493,2017-04-25,23,4.3,562
FA0001408,2018-04-27,40,4.7,12
FA0000535,2019-11-08,25,4.3,297
FA0001550,2016-04-15,40,4.3,557
FA0002210,2018-09-28,0,3.8,5
FA0000770,2016-07-12,35,4.5,532
FA0003314,2018-09-27,0,4.3,268
FA0002163,2014-01-23,16,4.7,623
FA0000200,2019-08-26,0,4.6,2995
FA0001782,2019-12-30,50,4.2,40
FA0001623,2016-03-01,50,4.5,237
FA0005251,2018-09-04,24,4.5,785
FA0000372,2019-02-01,25,4.6,603
FA0002339,2016-02-29,45,4.3,352
FA0002948,2013-02-06,40,4.1,348
FA0000456,2015-06-18,19,4.2,302
FA0002343,2017-03-01,105,4.5,290
FA0000624,2013-05-02,15,4.7,1101
FA0002163,2018-11-20,5,4.7,623
FA0002157,2016-04-27,15,4.8,72
FA0002719,2017-05-03,1,4.1,189
FA0003551,2014-06-19,40,4.3,213
FA0002442,2013-12-09,15,4.3,439
FA0000969,2016-01-04,26,4.1,336
FA0000572,2016-01-11,28,4.3,169
FA0000456,2018-12-04,68,4.2,302
FA0002382,2017-06-16,65,4.5,1346
FA0001270,2013-11-12,20,4.6,179
FA0000113,2016-06-29,5,2.8,404
FA0000350,2015-05-18,35,4.4,226
FA0002488,2014-06-12,63,4.6,243
FA0000801,2015-08-19,25,4.7,89
FA0001007,2016-07-19,45,4.1,64
FA0002823,2015-10-27,10,4.3,488
FA0000057,2019-10-24,45,4.4,2079
FA0001292,2019-08-02,20,4,534
FA0002526,2014-08-06,35,4.3,384
FA0000061,2017-03-02,10,4.4,387
FA0002629,2019-10-02,85,4.3,67
FA0002704,2019-04-03,35,4.3,258
FA0001202,2013-08-01,35,4.2,695
FA0002162,2014-04-16,50,4.1,174
FA0000234,2017-01-12,40,4.5,355
FA0000063,2014-07-25,30,4.5,388
FA0002561,2017-03-09,35,4.4,35
FA0001232,2017-05-26,35,4.3,177
FA0001344,2014-03-10,95,3.4,289
FA0000624,2019-03-06,80,4.7,1101
FA0000748,2016-03-22,45,4.7,507
FA0005232,2018-04-26,78,4.4,534
FA0001035,2014-07-29,26,4.6,398
FA0000881,2017-03-29,10,4.7,651
FA0005088,2017-06-08,25,3.9,685
FA0003485,2014-06-30,25,4.6,781
FA0003704,2013-07-11,13,4.5,127
FA0002561,2014-05-07,10,4.4,35
FA0000182,2016-06-14,60,4.3,125
FA0000225,2013-01-25,20,4.6,206
FA0003583,2017-12-20,50,4.6,118
FA0000100,2019-10-29,30,4.7,134
FA0004505,2019-08-29,35,4.4,170
FA0004635,2014-10-08,8,4.7,1066
FA0002925,2019-06-18,15,4.8,77
FA0002651,2018-08-03,134,4.4,1067
FA0001760,2017-04-19,25,4.2,771
FA0000941,2013-04-30,31,4.4,475
FA0000192,2013-12-17,124,3.8,326
FA0004860,2016-04-05,52,3.8,467
FA0000038,2013-09-20,65,4.9,69
FA0000587,2017-04-13,40,4.4,346
FA0000031,2013-09-20,5,3.7,622
FA0001020,2013-07-26,28,4.3,1429
FA0004954,2018-11-07,5,4.6,2226
FA0000724,2013-05-30,15,4.3,277
FA0003584,2014-04-03,0,3.7,41
FA0000407,2016-05-19,15,3,523
FA0001308,2015-02-24,2,4.2,189
FA0000079,2017-09-26,61,4.2,662
FA0000458,2017-11-09,60,4.3,269
FA0004858,2019-01-30,95,4.4,667
FA0003466,2016-01-13,1,3.6,223
FA0000680,2017-09-29,15,4.4,763
FA0002108,2016-09-30,37,3.8,197
FA0002665,2015-10-29,45,3.5,240
FA0001240,2019-03-20,65,4.7,165
FA0000838,2013-01-10,15,4.5,414
FA0001220,2016-10-07,0,4.2,74
FA0001215,2016-04-06,29,4.9,8
FA0002685,2016-07-20,0,4.1,372
FA0001638,2013-09-19,11,4.4,1041
FA0000445,2016-10-06,105,4.3,1351
FA0000603,2013-09-24,95,4.1,411
FA0000024,2015-02-23,15,3.5,143
FA0005003,2018-01-12,31,4.6,929
FA0003512,2014-03-21,1,3.9,138
FA0003566,2018-07-06,6,4.1,129
FA0000738,2016-02-03,55,4.3,1553
FA0004836,2015-12-21,1,3.7,197
FA0003541,2013-11-08,20,4.2,369
FA0001549,2017-11-20,35,4.6,455
FA0002651,2016-11-30,0,4.4,1067
FA0001344,2016-04-05,45,3.4,289
FA0000660,2015-11-13,102,4.3,1085
FA0001338,2017-07-24,38,4.7,177
FA0000863,2018-03-14,0,4.2,571
FA0004521,2018-04-19,45,4.7,367
FA0000909,2019-05-23,15,4.2,1049
FA0000754,2013-09-19,1,4.7,588
FA0000665,2017-09-26,17,4.9,183
FA0000780,2014-03-31,56,4.7,450
FA0001004,2014-06-30,30,4.3,363
FA0004834,2016-10-15,0,4.6,2226
FA0000545,2019-01-17,20,4.3,452
FA0001251,2014-08-12,10,4.7,308
FA0000578,2019-05-23,80,4.2,261
FA0003510,2014-09-09,35,4.6,746
FA0004497,2013-11-19,17,4.1,469
FA0000033,2016-06-01,32,3.7,1210
FA0004603,2014-10-06,16,4.5,2
FA0001514,2013-09-19,15,4,392
FA0000599,2015-08-13,25,4.3,1799
FA0000887,2016-01-13,25,4.4,611
FA0003913,2017-11-09,0,4.1,29
FA0000139,2017-05-18,32,4.1,456
FA0000966,2015-12-21,2,4.3,768
FA0001585,2019-02-25,45,4.7,378
FA0000630,2015-01-29,15,4.4,488
FA0002382,2016-05-19,54,4.5,1346
FA0003267,2013-10-08,10,4.1,534
FA0001272,2013-01-02,45,4.3,354
FA0000336,2018-08-03,70,4.5,300
FA0000192,2013-08-06,45,3.8,326
FA0000343,2016-06-28,1,3.7,96
FA0004696,2015-08-10,22,4.5,2
FA0003499,2015-12-08,21,4.6,256
FA0000436,2017-02-01,25,4.6,487
FA0005285,2018-06-27,20,3.9,34
FA0005084,2019-12-03,35,4.6,65
FA0002382,2013-07-03,73,4.5,1346
FA0001630,2014-06-13,10,4.6,43
FA0001776,2015-12-04,75,4.3,541
FA0002527,2016-04-06,0,4.5,125
FA0003857,2015-08-03,65,3.8,302
FA0000522,2018-01-25,51,4.5,366
FA0003722,2013-09-20,0,4.6,292
FA0002675,2016-03-17,0,4.4,1217
FA0002315,2016-02-29,10,4.2,519
FA0000659,2016-07-19,35,4.4,979
FA0000945,2016-06-14,35,4.3,250
FA0004505,2013-12-30,12,4.4,170
FA0000387,2014-12-11,50,4.3,504
FA0000162,2014-04-01,55,4,107
FA0001260,2014-02-24,0,5,2
FA0004659,2014-12-15,10,3.8,692
FA0000818,2017-06-08,32,4.2,170
FA0001524,2017-05-08,25,4.3,271
FA0003872,2014-08-18,0,4.6,300
FA0000443,2016-03-03,45,4.5,1310
FA0000487,2014-04-14,43,4.4,144
FA0003258,2016-04-25,28,4.6,142
FA0005319,2018-08-29,18,4,3
FA0001072,2015-08-11,5,2.7,10
FA0000605,2019-07-17,25,4.6,174
FA0002441,2013-02-01,54,4.6,98
FA0002792,2013-10-09,35,4,844
FA0000182,2013-12-11,39,4.3,125
FA0000834,2014-09-16,51,4.5,121
FA0001267,2019-01-30,0,4.5,844
FA0000872,2018-03-29,36,4,194
FA0001253,2013-02-27,55,4.1,1241
FA0001022,2016-07-05,6,3.3,1498
FA0002874,2016-09-14,55,4.2,834
FA0002167,2016-04-15,95,4.5,551
FA0001595,2019-12-10,10,3.4,35
FA0000966,2017-04-06,20,4.3,768
FA0000655,2014-06-19,45,4.1,69
FA0000200,2016-08-09,55,4.6,2995
FA0003605,2016-12-20,93,4.2,28
FA0001168,2015-12-21,0,3.9,61
FA0000451,2014-07-31,35,4.8,1766
FA0003769,2017-02-01,10,4.1,920
FA0000113,2018-03-06,30,2.8,404
FA0002651,2014-06-11,55,4.4,1067
FA0002294,2017-04-03,20,4.1,217
FA0000845,2016-08-03,0,2.7,568
FA0002506,2016-05-26,35,4.7,951
FA0000656,2015-08-03,22,4.3,317
FA0002562,2019-09-05,0,4.4,909
FA0001138,2016-02-09,12,4.4,1110
FA0004706,2019-05-01,15,4.6,211
FA0000191,2014-10-28,0,4,1331
FA0001273,2017-08-24,25,4.4,448
FA0000252,2013-04-11,100,4.9,15
FA0000159,2013-02-13,15,4.4,467
FA0003890,2015-10-09,130,4.3,291
FA0000240,2016-05-18,15,3.7,91
FA0004673,2018-02-13,30,4.6,1743
FA0000113,2013-07-25,24,2.8,404
FA0001595,2018-06-28,0,3.4,35
FA0000907,2014-09-19,69,4.3,25
FA0003891,2016-08-24,5,3.8,302
FA0000159,2017-04-24,12,4.4,467
FA0003265,2016-10-27,25,4.3,242
FA0000808,2018-06-28,0,3.4,27
FA0000962,2015-08-11,0,4.6,159
FA0002297,2016-03-15,35,4.5,188
FA0000240,2019-03-15,0,3.7,91
FA0000445,2019-04-17,15,4.3,1351
FA0001338,2013-08-09,49,4.7,177
FA0002654,2013-08-14,3,4.4,847
FA0000556,2017-03-27,20,4.6,2057
FA0000164,2019-02-19,30,4.3,928
FA0000418,2017-02-02,76,4.5,974
FA0005279,2018-09-05,51,4.4,1110
FA0002294,2019-10-01,25,4.1,217
FA0001624,2018-01-31,50,4.3,628
FA0000150,2015-04-23,15,4.6,15
FA0000872,2017-07-14,31,4,194
FA0000685,2019-01-31,25,4.8,36
FA0003307,2013-01-17,15,3.5,263
FA0000898,2013-01-30,30,4.3,113
FA0004515,2014-06-23,2,4.2,54
FA0002144,2016-03-29,40,4.6,834
FA0005003,2019-06-26,5,4.6,929
FA0003350,2013-08-17,0,3.9,378
FA0000879,2016-11-07,42,4,720
FA0004866,2019-04-04,60,4.5,28
FA0000333,2013-12-04,37,4.7,435
FA0002609,2017-11-02,25,4.5,407
FA0000840,2016-06-23,0,2.9,618
FA0000616,2013-04-11,20,4.3,446
FA0002840,2016-08-08,0,4.2,236
FA0004604,2019-04-26,10,4.3,233
FA0001220,2018-05-04,50,4.2,74
FA0000018,2016-06-15,35,4.7,150
FA0000672,2013-03-14,10,3.6,181
FA0000436,2017-12-28,1,4.6,487
FA0001005,2014-04-18,25,4.6,1231
FA0000951,2016-01-29,15,4.4,1062
FA0001149,2013-09-20,20,4.2,608
FA0000951,2019-02-15,0,4.4,1062
FA0003604,2014-08-12,25,4.6,1885
FA0004500,2013-11-19,25,4.3,720
FA0000484,2016-10-27,30,4.4,551
FA0003878,2015-05-18,25,4,240
FA0000878,2013-10-22,35,4.5,87
FA0005162,2017-09-19,50,4.4,1106
FA0002297,2017-06-01,45,4.5,188
FA0001292,2014-07-29,2,4,534
FA0004834,2017-03-01,20,4.6,2226
FA0000942,2013-08-06,25,4.4,321
FA0001800,2013-11-15,27,5,3
FA0000245,2019-11-07,0,4.8,1421
FA0004494,2014-05-29,45,4.4,79
FA0003535,2014-06-06,20,4.3,578
FA0000536,2017-04-03,53,3.8,153
FA0003350,2016-05-14,0,3.9,378
FA0000694,2015-02-06,15,4.2,1184
FA0002578,2013-04-19,0,3.9,625
FA0001347,2019-09-06,40,4.5,600
FA0000086,2016-10-24,3,4.3,470
FA0001660,2014-09-09,0,4.9,59
FA0000808,2019-12-10,10,3.4,27
FA0003305,2016-10-06,15,4.4,1915
FA0002651,2017-11-28,70,4.4,1067
FA0001623,2019-09-17,5,4.5,237
FA0001191,2014-12-05,124,4.4,643
FA0001549,2015-06-15,0,4.6,455
FA0003792,2015-04-23,15,4.8,180
FA0001493,2019-09-24,25,4.3,562
FA0000724,2013-09-20,0,4.3,277
FA0001338,2015-02-10,58,4.7,177
FA0000359,2016-05-06,65,4.2,861
FA0002449,2018-05-11,0,3.8,44
FA0000975,2014-07-22,15,3.8,25
FA0005083,2017-10-06,25,3.6,42
FA0004668,2015-04-10,11,4.3,252
FA0005013,2018-03-27,0,4.2,495
FA0000688,2015-01-09,35,4.3,76
FA0002668,2019-05-23,0,3.9,686
FA0001786,2018-04-05,15,4.3,2134
FA0000720,2013-09-04,16,4.2,1702
FA0005062,2017-11-27,22,4.5,910
FA0001760,2019-01-10,35,4.2,771
FA0003913,2016-03-02,12,4.1,29
FA0004969,2019-11-06,10,3.5,28
FA0002680,2016-05-28,10,4.1,872
FA0002811,2014-05-16,24,4.4,411
FA0000973,2016-12-08,14,3.8,111
FA0000258,2019-09-06,15,4.6,85
FA0003850,2019-02-26,25,4.3,243
FA0000968,2015-02-03,55,4.2,10
FA0002441,2019-11-15,40,4.6,98
FA0002481,2013-09-19,15,4.2,207
FA0003565,2016-03-04,3,4.1,495
FA0000026,2018-04-18,30,3.5,143
