"facility_id","facility_name","google_lat","google_long","price_level","rating","total_ratings","avg_inspection_score","avg_violations_count","inspection_count"
"FA0000009","AMERICAN LEGION BOULDER POST 10",40.0605914,-105.2735952,2,4.9,15,36.0,2.5,5
"FA0000010","MOXIE BREAD COMPANY",39.9767175,-105.1323027,2,4.7,937,12.75,5.333333333333333,16
"FA0000011","ABOS PIZZA",40.1007395,-105.1681252,1,4.3,119,37.857142857142854,3.5,7
"FA0000015","MT EVEREST CUISINE",39.9980269,-105.2328968,1,4.7,232,43.42857142857143,4.666666666666667,14
"FA0000017","UNDER THE SUN EATERY & TAPHOUSE",39.7051972,-104.987561,2,4.3,109,25.0,2.0,6
"FA0000018","DISH GOURMET",40.0197052,-105.2701856,2,4.7,150,65.0,3.0,9
"FA0000021","ROCKY MOUNTAIN PATHWAY RANCH",40.1934368,-105.5112163,2,4.9,22,10.0,1.0,1
"FA0000024","ABOS PIZZA SOUTH",39.7050752,-104.9875752,2,3.5,143,41.666666666666664,3.75,15
"FA0000025","ABOS PIZZA NORTH",40.0375466,-105.2593606,1,4.3,232,29.454545454545453,3.0,11
"FA0000026","ABOS PIZZA",39.98799899999999,-105.1255301,2,3.5,143,23.77777777777778,4.5,9
"FA0000030","ARBYS #5009030",40.1979179,-105.1019365,1,3.8,808,18.5,2.5,6
"FA0000031","WENDYS 11318",39.9994306,-105.2626773,1,3.7,622,8.333333333333334,1.0,3
"FA0000033","IHOP 1836",40.016358,-105.2589347,1,3.7,1210,40.333333333333336,2.5,9
"FA0000038","HOLY CREPE",40.0139508,-105.2782063,2,4.9,69,40.82608695652174,7.666666666666667,23
"FA0000056","MOJO TAQUERIA",40.22345670000001,-105.2656871,2,4.5,569,10.0,2.0,2
"FA0000057","AUNT ALICES KITCHEN",40.1910351,-105.1030099,1,4.4,2079,30.636363636363637,3.6666666666666665,11
"FA0000061","MOES BROADWAY BAGEL",40.034001,-105.2591438,1,4.4,387,23.333333333333332,2.5,6
"FA0000063","BREWING MARKET",40.1403455,-105.1304567,2,4.5,388,33.0,2.5,5
"FA0000064","BREWING MARKET",40.0123075,-105.1322456,2,4.2,295,25.727272727272727,3.5,11
"FA0000067","BUFF RESTAURANT THE",40.0171304,-105.2602235,2,4.6,2491,50.93333333333333,5.0,15
"FA0000075","TRES GRINGOS CANTINA",39.9598234,-105.5094306,2,4.5,171,27.0,2.0,4
"FA0000079","MUDROCKS TAP AND TAVERN",39.9878512,-105.1363573,2,4.2,662,49.916666666666664,6.0,12
"FA0000084","BLUE AGAVE",40.1441702,-105.1279513,2,4.1,684,46.0,4.0,4
"FA0000086","BAO ASIAN FUSION AND SUSHI",39.9617031,-105.1636797,2,4.3,470,21.53846153846154,4.0,13
"FA0000088","TILT",39.9766071,-105.1318801,2,4.5,59,93.75,8.0,16
"FA0000089","MAMA MEADS PIZZERIA",40.1742576,-105.1033641,2,4.3,275,49.56521739130435,5.75,23
"FA0000092","GEMINI",40.017885,-105.2808233,2,4.7,50,33.75,2.5,8
"FA0000093","BOULDER MARRIOTT",40.0161241,-105.2601208,2,4.2,698,56.0,6.0,12
"FA0000095","BOULDERS DINNER THEATRE",40.0148045,-105.213055,2,4.7,982,50.0,4.0,4
"FA0000098","BLACKJACK PIZZA AND SALADS",40.0206928,-105.2531625,1,3.7,192,43.38461538461539,4.333333333333333,13
"FA0000100","CUPPA HOUSE COFFEE & TEA",40.1779437,-105.1160281,0,4.7,134,42.857142857142854,4.666666666666667,14
"FA0000105","ARABESQUE",40.0180096,-105.2734688,2,4.3,172,58.75,2.6666666666666665,8
"FA0000106","BEN AND JERRYS",40.0179937,-105.2798279,2,4.3,345,29.571428571428573,3.5,7
"FA0000108","MONO MONO KFC",40.0034456,-105.1016396,2,4.6,266,20.625,2.0,8
"FA0000109","BURGER KING 414",40.0186492,-105.257652,1,3,612,29.166666666666668,2.0,6
"FA0000110","BURGER KING #4690",40.1445969,-105.1272432,1,3.5,324,13.4,1.5,5
"FA0000112","BURGER KING 7062",40.0712081,-105.2016325,1,3,276,5.0,1.0,1
"FA0000113","BURGER KING 7367",39.987409,-105.1273117,1,2.8,404,19.7,2.6666666666666665,10
"FA0000115","BURGER KING #7885",40.1941401,-105.1018452,1,3.1,625,10.0,1.0,1
"FA0000123","LUNA CAFE THE",40.1725449,-105.1034895,1,4.3,313,37.0,2.5,5
"FA0000124","ASTRO COFFEE BAR",40.0185643,-105.2800076,1,4.6,58,29.53846153846154,4.333333333333333,13
"FA0000127","BPOE LODGE 566",40.046821,-105.2615676,2,4,48,10.25,2.0,4
"FA0000130","GURKHAS ON THE HILL",40.0071181,-105.2759597,2,4.3,92,27.5,2.0,4
"FA0000132","BOBS SANDWICH SHOP",39.9783333,-105.132,1,4.6,394,46.42857142857143,4.666666666666667,14
"FA0000133","CAPITAL ONE CAFE",40.0182807,-105.2789394,1,4,71,33.2,2.5,5
"FA0000135","BOULDER CORK THE",40.0344665,-105.2540941,3,4.5,864,25.0,3.0,8
"FA0000139","SFORNO TRATTORIA",40.01797579999999,-105.2782481,2,4.1,456,14.4,7.5,15
"FA0000140","WEST SIDE TAVERN",40.1666013,-105.1155487,2,4.8,485,87.95454545454545,11.0,22
"FA0000147","CANNON MINE COFFEE",39.99641680000001,-105.090221,1,4.5,379,20.764705882352942,4.25,17
"FA0000150","CANYON CAFE",40.0143562,-105.2887003,2,4.6,15,18.333333333333332,1.5,3
"FA0000152","CARELLIS OF BOULDER RISTORANTE ITAL",39.9988378,-105.2537574,2,4.4,820,43.36363636363637,3.6666666666666665,11
"FA0000157","YOU AND MEE NOODLE HOUSE",40.035263,-105.2566954,2,4.1,169,39.75,4.0,8
"FA0000159","AVANTI F&B COMMISSARY & BARS",40.018652,-105.2771752,2,4.4,467,13.6,2.0,10
"FA0000162","CHEF KING",39.98799899999999,-105.1255301,2,4,107,32.76923076923077,4.0,13
"FA0000164","CHEZ THUY CUISINE",40.0270275,-105.2588407,2,4.3,928,50.130434782608695,6.666666666666667,23
"FA0000165","MURPHY'S TAP HOUSE",39.9622243,-105.1652104,2,4.4,1289,35.833333333333336,3.0,6
"FA0000181","CENTRO MEXICAN CUISINE",40.0172017,-105.2825478,2,4.1,1074,50.625,4.0,8
"FA0000182","MAMAS CAFE",40.15370470000001,-105.1079628,1,4.3,125,106.56756756756756,9.25,37
"FA0000185","SUBWAY",39.9873088,-105.1251189,1,3.7,85,22.0,3.0,6
"FA0000191","CINEBARRE",39.9600563,-105.1677922,2,4,1331,4.0,5.0,10
"FA0000192","BACK COUNTRY PIZZA",39.9597431,-105.5092196,2,3.8,326,95.3225806451613,7.75,31
"FA0000193","QUALITY INN",39.96130170000001,-105.1678674,2,3.6,616,23.0,2.5,5
"FA0000200","BOULDER DUSHANBE TEA HOUSE",40.0154468,-105.2772448,2,4.6,2995,64.47368421052632,3.75,19
"FA0000210","PISTACHIO CAFE BAKERY",40.200947,-105.1031013,2,4.4,281,51.26315789473684,6.333333333333333,19
"FA0000225","STEAKHOUSE 316",40.0176648,-105.2781944,4,4.6,206,23.333333333333332,3.0,6
"FA0000230","TRAIN CARS COFFEE & YOGURT CO THE",39.9603842,-105.5101288,1,4.7,506,18.1,2.5,10
"FA0000233","BIG DADDY BAGELS",39.9980269,-105.2328968,1,4.3,184,31.666666666666668,3.0,9
"FA0000234","ALPINE MODERN",40.0071284,-105.2817249,2,4.5,355,84.11111111111111,4.5,18
"FA0000237","FALAFEL KING",40.0180273,-105.2781567,2,4.4,552,105.4186046511628,14.333333333333334,43
"FA0000238","FANS CHINESE CUISINE",40.10004929999999,-105.1672438,2,4,103,49.94117647058823,4.333333333333333,17
"FA0000240","SUBWAY #34537",40.0703182,-105.201701,1,3.7,91,20.90909090909091,3.0,11
"FA0000242","ELDORA MOUNTAIN RESORT",39.9366134,-105.5884097,2,4,2,35.0,4.0,8
"FA0000245","MARCOS HOT DOG",40.1883015,-105.1007946,1,4.8,1421,33.92857142857143,2.5,14
"FA0000247","SEVENTEEN THIRTY-NINE",40.0195963,-105.2725249,2,4.5,21,39.357142857142854,4.5,14
"FA0000251","TEOCALLI COCINA",39.9984366,-105.090651,2,4.6,914,86.21739130434783,7.666666666666667,23
"FA0000252","AMERICAN LEGION POST 111",39.9760918,-105.1286822,1,4.9,15,78.75,4.0,8
"FA0000256","BPOE LODGE 1055",40.1642415,-105.1034667,2,4.2,27,66.4,5.0,10
"FA0000257","BREADWORKS",40.02485739999999,-105.2808845,2,3.8,125,40.03846153846154,3.6666666666666665,26
"FA0000258","BREWING MARKET",40.01758030000001,-105.2782401,2,4.6,85,30.0,3.5,10
"FA0000278","FREDDYS FROZEN CUSTARD AND STEAKBURGERS",40.1992957,-105.1020051,1,4.3,1185,23.0,1.5,5
"FA0000279","IHOP 2126",40.1438747,-105.1284081,1,3.1,1009,15.2,2.5,5
"FA0000281","OLD SANTA FE MEXICAN GRILLE",39.9616856,-105.1632228,2,4.4,977,38.93333333333333,4.0,15
"FA0000288","KUNG FU TEA",40.007786,-105.2752847,1,4.4,314,55.76923076923077,6.5,13
"FA0000291","FLAGSTAFF HOUSE",40.007347,-105.2945057,4,4.7,899,25.714285714285715,3.5,7
"FA0000293","NIWOT TAVERN",40.10004929999999,-105.1672438,2,4.6,394,75.07142857142857,4.666666666666667,14
"FA0000295","COLORADO ATHLETIC CLUB AT FLATIRONS",39.9962737,-105.2330988,2,3.4,70,17.0,2.0,4
"FA0000303","COURTYARD LOUISVILLE MARRIOTT",39.9588916,-105.1635883,2,4.2,512,15.4,1.5,5
"FA0000304","COURTYARD BY MARRIOTT",40.0212524,-105.242931,1,4.3,503,23.285714285714285,2.5,7
"FA0000314","GARDEN GATE CAFE",40.1007853,-105.1681143,2,4.4,382,54.51724137931034,7.25,29
"FA0000326","GLACIER HOMEMADE ICE CREAM",40.0315597,-105.2589744,1,4.6,416,38.888888888888886,3.0,9
"FA0000327","GLACIER VIEW RANCH",40.1249376,-105.4600528,2,4.9,24,50.0,4.5,9
"FA0000329","GOLD HILL GENERAL STORE AND PUB",40.0631739,-105.4101255,2,4.8,183,10.0,1.0,1
"FA0000330","GOLD HILL INN",40.0632368,-105.4087985,2,4.7,302,25.0,2.0,2
"FA0000331","KATHMANDU RESTAURANT II",40.0212448,-105.2575637,1,4.3,1008,48.0,5.2,26
"FA0000332","DOTS DINER",40.0274789,-105.2573597,1,4.4,463,30.0,3.0,9
"FA0000333","PAULS COFFEE AND TEA",39.9638791,-105.1622056,1,4.7,435,36.75,4.0,12
"FA0000335","BITTER BAR THE",40.0161912,-105.2842396,3,4.5,422,18.333333333333332,1.5,3
"FA0000336","DA GABI CUCINA",39.9903031,-105.2568417,2,4.5,300,85.0,7.5,15
"FA0000337","WOK TO FLATIRONS DELI",40.0216071,-105.2171968,1,4,98,50.0,3.0,3
"FA0000339","SNARF BURGER",40.01448329999999,-105.2688712,1,4.5,1071,34.25,2.6666666666666665,8
"FA0000340","FUJI CAFE",40.0183706,-105.2799854,1,4.5,280,18.8,2.5,5
"FA0000342","DOUBLE HAPPY RESTAURANT",39.977637,-105.1319486,1,4.2,233,46.0,6.5,18
"FA0000343","DAIRY QUEEN 12406",39.9991679,-105.2541497,1,3.7,96,10.333333333333334,1.5,3
"FA0000346","LYONS DAIRY BAR",40.22239560000001,-105.2645581,1,4.3,499,22.363636363636363,2.75,11
"FA0000347","THRIVE",40.0148997,-105.2743612,2,4.7,471,19.72222222222222,4.5,18
"FA0000350","CORNER THE",40.0074268,-105.2760395,2,4.4,226,52.857142857142854,3.3333333333333335,14
"FA0000351","SNARFS",40.0722488,-105.2007355,1,4,304,25.571428571428573,2.3333333333333335,7
"FA0000355","RAZA FRESA MEXICAN KITCHEN",40.10004929999999,-105.1672438,2,4.2,209,107.73684210526316,6.0,19
"FA0000356","DARK HORSE",39.999119,-105.2552922,1,4.5,3018,28.333333333333332,2.0,6
"FA0000359","GONDOLIER ITALIAN EATERY",40.144383,-105.103147,2,4.2,861,62.47826086956522,7.666666666666667,23
"FA0000360","DELI ZONE VALMONT",40.0286851,-105.2555386,1,4.5,281,27.333333333333332,4.5,9
"FA0000364","GOOD TIMES BURGERS AND FROZEN CUSTA",40.0224936,-105.2608874,1,4.2,817,27.22222222222222,3.5,9
"FA0000365","TACO STAR",40.1945031,-105.1018338,1,3.8,709,47.25,4.25,20
"FA0000371","GREAT HARVEST BREAD COMPANY",40.0152398,-105.2600413,2,4.4,124,38.0,3.5,10
"FA0000372","GREENBRIAR INN THE",40.13329359999999,-105.282708,3,4.6,603,55.833333333333336,4.0,12
"FA0000378","JESTERS PERFORMING ARTS",40.16280270000001,-105.1022334,1,4.7,581,30.0,2.0,2
"FA0000384","BEAU JOS COLORADO STYLE PIZZA",40.1434438,-105.1269462,2,4,1318,43.333333333333336,3.0,6
"FA0000386","YOONIECORN DONUTS",40.1902598,-105.1316063,1,4.3,138,25.4,4.0,10
"FA0000387","LINDSAYS BOULDER DELI AT HAAGEN DAZ",40.0177386,-105.2801068,2,4.3,504,32.64705882352941,3.6666666666666665,17
"FA0000390","HAMPTON INN",40.1492455,-105.101868,2,4.5,437,36.42857142857143,3.5,7
"FA0000391","HAOWAY CHINESE CAFE",40.0163803,-105.2526305,1,4.2,229,22.545454545454547,3.5,11
"FA0000392","HAPA SUSHI AND SAKE",40.0178425,-105.2808494,2,4.4,968,30.833333333333332,2.0,6
"FA0000394","HENRYS BAR AND GRILL",39.9769938,-105.1313319,1,4.1,125,8.4,2.5,5
"FA0000396","GOOD EATS GRILL",40.1783867,-105.1158826,1,4.6,481,46.53846153846154,4.333333333333333,13
"FA0000399","HIDDEN CAFE",40.1734733,-105.1028272,1,4.6,341,51.666666666666664,4.5,9
"FA0000401","HUCKLEBERRY",39.976987,-105.1319715,2,4.5,1620,63.333333333333336,8.0,24
"FA0000402","NEW MOON BAKERY",39.962135,-105.5105752,1,4.6,547,25.0,2.0,6
"FA0000406","DUNKIN DONUTS #856",40.0335307,-105.2592352,1,3.6,456,35.77777777777778,2.3333333333333335,9
"FA0000407","KFC AND TACO BELL STORE 474",40.0138709,-105.2111301,1,3,523,28.333333333333332,2.0,6
"FA0000411","SUSHI HANA JAPANESE CUISINE",40.1954234,-105.1029186,2,4.5,468,37.916666666666664,4.0,12
"FA0000414","JOHN HAROLD BUCKLEY POST 32",40.1540914,-105.1124653,2,4.7,87,64.78571428571429,4.666666666666667,14
"FA0000416","SUSHI HANA",40.0085287,-105.2766725,2,3.4,87,74.73684210526316,6.5,19
"FA0000418","RIVER AND WOODS",40.0207887,-105.2649127,2,4.5,974,62.0,4.0,8
"FA0000421","SKA STREET BREWSTILLERY",40.0149857,-105.2455479,2,4.4,158,65.83333333333333,4.0,12
"FA0000432","KOREA HOUSE",40.0323957,-105.2596712,2,4.3,296,19.8,2.5,5
"FA0000436","FRASCA FOOD AND WINE",40.0192053,-105.2724707,4,4.6,487,48.44444444444444,2.6666666666666665,9
"FA0000442","HOMEWOOD SUITES BOULDER",39.9973834,-105.2326884,0,4.4,523,22.666666666666668,2.0,6
"FA0000443","EFRAINS II",40.01538439999999,-105.2061839,1,4.5,1310,68.82352941176471,4.25,17
"FA0000445","EFRAINS",39.9973756,-105.0901515,1,4.3,1351,45.0,4.0,25
"FA0000447","EUREST DINING SERVICE AT IBM CANTEE",40.08903249999999,-105.1981362,2,3.6,11,99.78947368421052,5.0,19
"FA0000449","ASH KARA",40.0177094,-105.2816351,2,4.3,101,82.0,8.0,16
"FA0000451","RINCON ARGENTINO",40.0149621,-105.2627948,1,4.8,1766,22.5,1.5,4
"FA0000455","LA MARIPOSA RESTAURANT",40.1528021,-105.113927,2,4,677,29.833333333333332,4.0,12
"FA0000456","LA MARIPOSA RESTAURANT(LYONS)",40.2220558,-105.2640528,2,4.2,302,51.666666666666664,6.0,12
"FA0000457","SANTIAGOS MEXICAN RESTAURANT",40.162504,-105.1030099,1,4.4,1603,18.333333333333332,1.5,3
"FA0000458","LA PANDA II",40.1784725,-105.1020189,1,4.3,269,62.78947368421053,5.5,38
"FA0000466","ROYAL WOK",40.1934837,-105.1016396,1,4.1,568,73.53846153846153,8.666666666666666,26
"FA0000467","MOJO TAQUERIA",40.037234,-105.258958,2,4.5,164,37.77777777777778,3.0,9
"FA0000473","BOCO RESTAURANT THE",39.9980269,-105.2328968,2,4.8,267,50.22222222222222,3.0,9
"FA0000474","SAND WEDGE CAFE & BAR",40.0138709,-105.2111301,1,4.7,1101,34.411764705882355,4.0,17
"FA0000476","LUCILES CREOLE CAFE",40.0200908,-105.2776533,2,4.6,1392,27.857142857142858,2.0,7
"FA0000481","LOYAL ORDER OF MOOSE LONGMONT LODGE",40.1970124,-105.1069013,2,4.3,118,25.0,3.0,3
"FA0000484","LE PEEP",40.0152398,-105.2600413,2,4.4,551,51.75,7.0,16
"FA0000486","ROOST THE",40.1683811,-105.1023012,2,4.5,2352,56.47826086956522,6.666666666666667,23
"FA0000487","LEFTYS GADGET AND PIZZA",40.10204100000001,-105.1700541,2,4.4,144,39.54545454545455,5.5,11
"FA0000493","BUDDHA CAFE",40.0371291,-105.2601149,1,4.2,427,65.06666666666666,6.5,30
"FA0000494","JULIES THAI KITCHEN",40.2224975,-105.2643957,2,4.3,178,44.0,5.0,15
"FA0000500","CORRECTION MANAGEMENT INC",40.163251,-105.1020964,2,4.2,1235,21.666666666666668,1.5,3
"FA0000502","LUCILES CREOLE CAFE",40.1682067,-105.1008403,2,4.6,1450,52.0,3.3333333333333335,10
"FA0000511","LONGMONT PERFORMING ARTS CENTER",40.1679107,-105.1029186,2,4.3,1085,20.0,2.0,2
"FA0000515","MEADOW MOUNTAIN CAFE",40.1869328,-105.4860398,2,4.7,113,80.0,7.0,14
"FA0000522","LAS PALMERAS TAQUERIA",40.1787733,-105.1169866,1,4.5,366,45.142857142857146,3.5,7
"FA0000526","MELTING POT RESTAURANT",39.9774863,-105.131903,3,4.6,1605,80.93333333333334,7.5,15
"FA0000534","TACOS AL MOLCAJETE",40.1748109,-105.1020279,1,4.4,703,59.1,5.0,20
"FA0000535","UDON KAISHA",39.9885203,-105.0913203,1,4.3,297,22.416666666666668,3.0,12
"FA0000536","TACO JUNKY",40.00826490000001,-105.2764618,2,3.8,153,38.0,4.0,10
"FA0000538","SNARFS",40.1520525,-105.1047228,1,4.4,457,10.0,1.0,3
"FA0000541","MILLSITE INN",40.0787268,-105.5026772,1,4.2,88,30.0,3.0,6
"FA0000544","MOES BROADWAY BAGEL",40.0250503,-105.2810448,1,4.3,298,31.428571428571427,2.3333333333333335,7
"FA0000545","MOES BROADWAY BAGEL",40.0148045,-105.213055,1,4.3,452,20.625,2.5,8
"FA0000547","GAIA MASALA AND BURGER",40.0076462,-105.2758206,2,4.5,283,43.0,8.5,17
"FA0000556","MOUNTAIN SUN PUB & BREWERY",40.0190106,-105.2752151,1,4.6,2057,35.0,2.5,5
"FA0000558","MUSTARDS LAST STAND",40.0144493,-105.2790174,1,4.4,801,10.0,1.0,2
"FA0000567","NEDERLAND COMMUNITY CENTER",39.9646611,-105.5120895,2,5,3,20.0,1.5,3
"FA0000572","NICK N WILLYS PIZZA",40.0171028,-105.2848247,1,4.3,169,39.57142857142857,3.5,7
"FA0000574","KTS BBQ",40.0251452,-105.2810435,2,4.2,159,37.2,2.5,10
"FA0000578","MILE HIGH PHO",39.9612135,-105.166467,2,4.2,261,46.57142857142857,3.25,14
"FA0000579","NOODLES AND COMPANY #102",40.0260409,-105.2813368,1,3.7,175,10.333333333333334,1.5,3
"FA0000580","TWELVE DEGREE BREWING",39.9782539,-105.1318801,2,4.7,260,25.714285714285715,3.5,7
"FA0000582","SANTO",40.0259872,-105.2811539,2,4.6,573,56.31818181818182,5.333333333333333,22
"FA0000587","MAY WAH RESTAURANT",39.9988256,-105.2612517,2,4.4,346,39.1578947368421,5.333333333333333,19
"FA0000590","BLACK PEPPER PHO",40.0219741,-105.2590053,2,4.2,385,76.8108108108108,6.2,37
"FA0000592","LITTLE TIBET RESTAURANT",40.055839,-105.2826737,2,4.7,269,38.84615384615385,3.3333333333333335,13
"FA0000594","BEST WESTERN PLUS BOULDER INN",40.0015558,-105.2574744,2,4,240,42.27272727272727,3.6666666666666665,11
"FA0000599","OSKAR BLUES",40.2242961,-105.2685792,2,4.3,1799,20.0,2.0,4
"FA0000603","OUTBACK SALOON THE",40.03166150000001,-105.2593591,1,4.1,411,70.3125,4.0,16
"FA0000605","QUES ESPRESSO",40.1512854,-105.1531705,1,4.6,174,19.285714285714285,2.5,7
"FA0000611","TACO BOULDER",40.0169852,-105.2800769,2,4.5,1401,141.89655172413794,9.666666666666666,29
"FA0000613","PANADERIA LA PANDA BAKERY",40.1517349,-105.1034871,1,4.2,188,56.0,4.5,15
"FA0000614","PARMA TRATTORIA MOZZARELLA BAR",39.9616196,-105.1672438,2,4.5,1124,20.666666666666668,3.0,6
"FA0000615","DOS WAPOS",40.014328,-105.128281,1,4.5,105,27.0,6.666666666666667,20
"FA0000616","FRANKS CHOP HOUSE",40.0165533,-105.2828453,3,4.3,446,55.90909090909091,3.6666666666666665,11
"FA0000621","PAPA MURPHYS",40.2003792,-105.1019365,1,4.2,237,29.0,2.5,5
"FA0000624","PARKWAY RESTAURANT",40.0249054,-105.2433207,1,4.7,1101,90.5,5.0,20
"FA0000627","EMPIRE LOUNGE AND RESTAURANT",39.9781258,-105.1318116,2,4.3,317,72.6,8.333333333333334,25
"FA0000628","PASTA JAYS",40.0175029,-105.282453,2,4.2,1453,45.57142857142857,3.5,14
"FA0000629","STARBUCKS COFFEE 10857",39.9999024,-105.2630509,2,4.1,302,5.0,1.0,1
"FA0000630","FLATIRON COFFEE",40.015,-105.2591928,1,4.4,488,15.0,2.5,7
"FA0000639","MCCARTHYS PUB",40.15862569999999,-105.1021878,1,4.1,346,23.333333333333332,3.0,6
"FA0000642","MCDONALDS 0109",40.0193158,-105.2579323,1,3.5,1088,24.0,2.5,6
"FA0000644","MCDONALDS HOVER",40.1496672,-105.1314461,1,3.3,928,27.23076923076923,2.3333333333333335,13
"FA0000649","INDIAN PEAKS GOLF COURSE AT LAFAYET",40.0067463,-105.1244908,2,4.4,106,25.333333333333332,2.5,9
"FA0000653","ILLEGAL PETES",40.0188174,-105.2763118,1,4.5,1335,22.833333333333332,2.0,6
"FA0000654","CASA ALEGRE",39.9767355,-105.1303268,2,4.1,621,87.775,6.8,40
"FA0000655","COVERED WAGON",39.96205339999999,-105.5100258,2,4.1,69,33.57142857142857,2.5,7
"FA0000656","BROOKLYN PIZZA",40.0147787,-105.2727487,1,4.3,317,55.03703703703704,7.666666666666667,27
"FA0000657","JAMBA JUICE",40.0149787,-105.2524629,1,3.7,260,23.333333333333332,1.5,3
"FA0000658","JANIES CAFE",40.1664027,-105.1029414,1,4.5,573,35.0,2.5,5
"FA0000659","JAPANGO",40.0175623,-105.280328,2,4.4,979,29.0,2.5,5
"FA0000660","MIKE OSHAYS",40.1678872,-105.1023241,2,4.3,1085,69.95652173913044,5.75,23
"FA0000661","JANUARY COFFEE",40.0194791,-105.2516056,2,5,26,17.0,1.5,5
"FA0000665","JAVA STOP",40.1641823,-105.1027359,1,4.9,183,17.0,4.0,4
"FA0000666","JAX FISH HOUSE",40.0170094,-105.2831766,3,4.6,644,42.5,2.5,10
"FA0000667","TIP TOP SAVORY PIES",40.0711303,-105.2004071,2,4.6,68,50.0,5.333333333333333,16
"FA0000672","BLACKJACK PIZZA & SALADS",39.9873792,-105.1298839,1,3.6,181,26.444444444444443,2.6666666666666665,9
"FA0000673","3S BAR",40.1646619,-105.1028044,1,3.7,178,15.0,3.5,7
"FA0000674","ATTIC BAR AND BISTRO",40.01655299999999,-105.2824109,1,4.2,414,65.33333333333333,5.0,15
"FA0000675","PUMPHOUSE RED ZONE",40.1687378,-105.102082,2,4.5,3357,31.11111111111111,3.0,9
"FA0000677","CHINA GOURMET - BOULDER",39.9903869,-105.2567228,2,4.2,297,52.285714285714285,7.0,21
"FA0000678","SPRUCE FARM",40.0194026,-105.2794143,2,4.2,351,47.5,2.6666666666666665,8
"FA0000679","QDOBA MEXICAN GRILL #2030",40.0153594,-105.2589612,1,4,574,21.125,2.0,8
"FA0000680","CYCLHOPS",40.1518294,-105.1537064,2,4.4,763,10.333333333333334,1.5,3
"FA0000682","GUACAMOLES",40.1516843,-105.1067555,2,4,378,76.25,5.333333333333333,16
"FA0000684","PERKINS RESTAURANT AND BAKERY",40.1949982,-105.1030616,2,4,1279,39.583333333333336,3.0,12
"FA0000685","PERSIMMON GRILL AT LAKE VALLEY GOLF",40.0966294,-105.25148,2,4.8,36,36.111111111111114,4.5,9
"FA0000688","RALLY SPORT HEALTH AND FITNESS",40.02803189999999,-105.2568783,2,4.3,76,20.0,1.5,5
"FA0000694","RED LOBSTER #6235",40.14236959999999,-105.1291391,2,4.2,1184,12.25,1.5,4
"FA0000696","FLOWER CHILD",40.0141238,-105.2611205,2,4.5,513,3.6666666666666665,1.5,3
"FA0000697","POST BREWING COMPANY",40.018848,-105.2790964,2,4.4,352,49.09090909090909,4.0,11
"FA0000714","PIZZA COLORE",40.0181034,-105.2777314,1,4.5,554,30.0,3.0,3
"FA0000720","RIO GRANDE MEXICAN RESTAURANT",40.0170142,-105.2808772,2,4.2,1702,44.5,4.666666666666667,14
"FA0000721","GOOD BIRD KITCHEN",40.144527,-105.1301963,2,4.2,861,57.0,4.5,16
"FA0000724","LUCKYS CAFE",40.047736,-105.280695,2,4.3,277,21.666666666666668,1.5,3
"FA0000725","TANGERINE RESTAURANT",39.99602480000001,-105.090221,2,4.3,757,36.416666666666664,6.0,12
"FA0000728","ROCKY MOUNTAIN CHOCOLATE FACTORY",40.0180746,-105.278474,2,4.4,124,16.5,2.0,8
"FA0000731","COSMOS PIZZA",39.9988213,-105.2537345,1,4.4,1032,13.625,2.5,8
"FA0000737","SMACK DADDY PIZZA",40.1734871,-105.1030472,1,4.2,262,19.0,4.0,4
"FA0000738","3 MARGARITAS",40.2013638,-105.101731,2,4.3,1553,59.107142857142854,4.5,28
"FA0000743","WINOT COFFEE",40.10004929999999,-105.1672438,2,4.6,178,32.5,2.0,4
"FA0000747","JAI THAI RESTAURANT",40.14337200000001,-105.127429,2,4.5,378,37.09090909090909,5.5,11
"FA0000748","IL PASTAIO",40.0150595,-105.2519596,2,4.7,507,70.45454545454545,5.5,11
"FA0000751","PRESS PLAY",40.0175331,-105.2824077,1,4.2,676,17.666666666666668,2.0,6
"FA0000754","TADKA INDIAN CUISINE",40.0141193,-105.2294375,2,4.7,588,61.45454545454545,3.6666666666666665,11
"FA0000758","SMASHBURGER",39.9607009,-105.1641366,2,3.7,432,1.4615384615384615,4.333333333333333,13
"FA0000759","NEPAL CUISINE",39.98498,-105.2386611,1,4.6,283,16.666666666666668,1.5,3
"FA0000770","BEST WESTERN PLUS",39.95985200000001,-105.1628572,2,4.5,532,43.666666666666664,4.0,12
"FA0000773","YURIHANA",40.07018739999999,-105.2004522,2,3.9,233,97.0,8.666666666666666,30
"FA0000780","SAKURA JAPANESE CUISINE",40.1512854,-105.1531705,2,4.7,450,53.2,7.5,15
"FA0000782","SCROOGE MAKI",40.0075099,-105.2764136,2,4.3,183,47.6875,5.333333333333333,16
"FA0000783","PICAS MEXICAN TAQUERIA BOULDER",40.0138239,-105.2275209,2,4.4,798,31.428571428571427,2.0,7
"FA0000785","SUNSET GOLF COURSE",40.1702863,-105.1222181,2,4.4,216,18.857142857142858,3.6666666666666665,14
"FA0000790","VINA PHO AND GRILL",40.015327,-105.2533607,1,4.2,419,47.09090909090909,3.6666666666666665,11
"FA0000798","WATERLOO THE",39.9781583,-105.1324512,2,4.4,1328,70.64516129032258,6.2,31
"FA0000800","GHOST BOX PIZZA",39.9979618,-105.0908376,2,4.5,119,70.47619047619048,7.0,21
"FA0000801","RUTHIES",40.0184655,-105.2775157,2,4.7,89,36.5,4.0,12
"FA0000803","SUBWAY 11652",39.9985426,-105.2619911,1,3.7,152,22.5,2.6666666666666665,10
"FA0000805","FLOWER PEPPER RESTAURANT",40.0252212,-105.2824685,1,4.2,443,39.714285714285715,4.5,14
"FA0000808","SUBWAY #17932 @ UMC  (CU)",40.0065706,-105.2717488,1,3.4,27,11.0,2.3333333333333335,7
"FA0000818","MR SAKE SUSHI & GRILL",39.98737089999999,-105.1234743,2,4.2,170,54.78378378378378,8.25,37
"FA0000821","ZIGGIS COFFEE",40.1791422,-105.1170561,1,4.7,194,10.0,1.0,1
"FA0000826","SONIC DRIVE IN",40.2013872,-105.1031698,1,3.1,1405,61.291666666666664,6.333333333333333,24
"FA0000829","PROTOS PIZZA",40.1512854,-105.1531705,2,4.6,314,20.0,2.0,4
"FA0000830","SUSHI ZANMAI",40.0192646,-105.2798721,2,4.5,821,13.0,1.5,5
"FA0000831","DELI ZONE ON THE HILL",40.0071438,-105.275669,1,4.5,56,42.5,2.5,8
"FA0000834","CASIAN SEAFOOD",39.9999146,-105.0906787,2,4.5,121,52.7,5.0,20
"FA0000838","TANDOORI GRILL",39.9844677,-105.2499488,2,4.5,414,21.0,2.5,5
"FA0000840","TACO BELL #33866",40.0336669,-105.2590958,1,2.9,618,13.333333333333334,1.0,3
"FA0000841","TACO BELL #33840",40.1983477,-105.1019365,1,3.4,1062,12.5,1.0,2
"FA0000843","TACO BELL #33848",40.1448263,-105.126695,1,3.4,706,16.1,3.3333333333333335,10
"FA0000844","TAQUERIA MADERO",40.1732489,-105.0878986,2,4.2,77,57.4,4.5,15
"FA0000845","TACO BELL 3612",39.9868343,-105.0869841,1,2.7,568,16.0,2.0,2
"FA0000847","TACO BELL #33852",39.9997436,-105.2623424,1,3,523,7.5,1.0,2
"FA0000848","RUSTY MELON THE",40.0702236,-105.2007782,0,4.7,93,48.333333333333336,4.5,9
"FA0000851","TARGET STORE 64",40.0218233,-105.2558731,2,3.9,863,21.666666666666668,2.0,6
"FA0000863","TASTY ASIA",40.1720236,-105.1021192,1,4.2,571,67.5,6.0,18
"FA0000870","SPICE CHINA",39.9677473,-105.164228,2,4.1,451,38.666666666666664,4.5,9
"FA0000872","SPICY HOUSE",40.1635887,-105.1002922,1,4,194,30.65625,6.5,32
"FA0000878","UTE CREEK GOLF COURSE",40.1892487,-105.0638812,0,4.5,87,22.4,1.5,5
"FA0000879","TEN PIN ALLEY",39.9855702,-105.0973629,2,4,720,40.333333333333336,6.5,18
"FA0000881","DUTCH BROS COFFEE",40.1752999,-105.1027587,1,4.7,651,21.5,2.75,12
"FA0000882","ILLEGAL PETES",40.0078243,-105.2759595,1,4.4,515,39.0,6.0,6
"FA0000885","TAJ MAHAL III",39.9878773,-105.1295946,2,4.6,648,68.12820512820512,7.8,39
"FA0000886","WAPOS",40.0642138,-105.2831881,1,4.4,509,62.083333333333336,3.5,12
"FA0000887","TAJ RESTAURANT",39.9998522,-105.2610499,2,4.4,611,44.0,3.3333333333333335,10
"FA0000888","TEX MEX",40.1663106,-105.1021649,2,4.3,71,15.0,1.0,1
"FA0000897","SPRUCE CONFECTIONS",40.0170271,-105.2855673,2,4.5,161,32.0,2.5,8
"FA0000898","THAI AVENUE",40.0071181,-105.2759597,1,4.3,113,55.0,4.333333333333333,13
"FA0000907","BUSABA",39.9980269,-105.2328968,2,4.3,25,54.82608695652174,5.75,23
"FA0000909","DICKENS TAVERN",40.1641419,-105.1021362,2,4.2,1049,17.0,1.5,5
"FA0000923","SUNDOWN SALOON",40.0175623,-105.280328,1,4.1,323,18.333333333333332,1.5,3
"FA0000925","TAQUERIA ESPERANZA",39.9874949,-105.1072122,1,4.2,310,58.72727272727273,5.666666666666667,22
"FA0000926","DIA Y NOCHE CAFE",40.1733055,-105.087283,2,4,35,78.4375,5.333333333333333,16
"FA0000931","ROSALEES PIZZERIA",40.167029,-105.1028558,2,4.6,875,21.285714285714285,2.5,7
"FA0000941","BOSS LADY PIZZA",40.007883,-105.2765749,1,4.4,475,32.35,3.5,20
"FA0000942","UBON THAI CUISINE",39.964973,-105.503948,0,4.4,321,37.22222222222222,3.0,9
"FA0000943","RINCON DEL SOL",40.014385,-105.2635761,2,4.2,667,94.0,8.5,34
"FA0000945","PEAK GOLF",40.1792325,-105.1459488,2,4.3,250,64.16666666666667,3.5,12
"FA0000947","HALF FAST SUBS ON THE HILL",40.00903599999999,-105.2764282,1,4.6,810,37.63636363636363,3.5,11
"FA0000951","THE POST BREWING CO",39.9945463,-105.0913171,2,4.4,1062,26.5,2.5,6
"FA0000957","MALEE THAI",40.1883844,-105.1424108,1,4.2,264,61.266666666666666,7.5,15
"FA0000959","COSMOS PIZZA",40.0310906,-105.2590401,2,4.5,315,31.25,2.5,8
"FA0000961","SALT",40.0177859,-105.2815615,2,4.2,894,56.785714285714285,4.666666666666667,14
"FA0000962","TONIC ALCHEMY LOUNGE",40.0175798,-105.2829121,2,4.6,159,5.0,1.0,1
"FA0000963","TORTUGAS",40.1625875,-105.1035581,2,4.7,235,30.0,2.0,4
"FA0000966","SNARFS",40.0141309,-105.2284171,1,4.3,768,17.333333333333332,2.0,6
"FA0000968","NCAR",40.0375653,-105.2418728,2,4.2,10,52.77777777777778,2.5,9
"FA0000969","COVE CAFE THE",40.0640238,-105.2155232,2,4.1,336,35.5,3.0,6
"FA0000970","GARDEN GATE CAFE THE",40.17898580000001,-105.1170561,1,4.4,299,50.86363636363637,5.5,22
"FA0000971","VIA TOSCANA",39.9654375,-105.1614611,2,4.6,485,10.866666666666667,5.0,15
"FA0000972","BELEZA COFFEE BAR",40.0252868,-105.2810327,2,4.7,254,55.5,3.6666666666666665,12
"FA0000973","VICS AGAIN",40.0353245,-105.25469,1,3.8,111,21.666666666666668,3.3333333333333335,15
"FA0000974","GIOVANNITTI COFFEE",39.9779335,-105.1325197,2,4.8,53,18.333333333333332,1.5,3
"FA0000975","LUUS ASIAN CUISINE",40.1780662,-105.1158913,2,3.8,25,53.857142857142854,4.666666666666667,14
"FA0000976","EVEREST RESTAURANT",40.1964295,-105.1012358,2,4.3,229,80.38461538461539,8.666666666666666,26
"FA0000990","BOULDER BURGER",40.0071181,-105.2759597,2,4.5,89,45.09090909090909,3.6666666666666665,11
"FA0000995","DURANGO MEXICAN RESTAURANT",40.1520246,-105.1189414,1,4.3,272,12.5,2.0,4
"FA0000996","OZO COFFEE COMPANY",40.0141309,-105.2284171,2,4.6,615,26.0,2.0,10
"FA0000997","DILLINGERS BAR AND GRILL",39.9858184,-105.1068468,1,4.2,263,61.15384615384615,3.5,13
"FA0001000","HARD DRIVE CAFE AT SEAGATE",40.1544358,-105.1737783,2,3.5,12,58.333333333333336,4.5,9
"FA0001003","JIMMY JOHNS #669",40.01428749999999,-105.2497208,1,3.2,246,15.0,1.5,5
"FA0001004","MATEO",40.0199161,-105.2711326,3,4.3,363,92.36842105263158,6.333333333333333,19
"FA0001005","LAUGHING GOAT COFFEE HOUSE",40.0195034,-105.273098,1,4.6,1231,52.69230769230769,3.25,13
"FA0001007","BLOFISH",40.0180908,-105.2770194,2,4.1,64,42.916666666666664,4.0,12
"FA0001014","VILLAGE COFFEE SHOP",40.0155875,-105.2634735,1,4.7,1147,26.53846153846154,4.333333333333333,13
"FA0001017","TUNE UP AT FULL CYCLE",40.0246411,-105.2541237,2,4.7,37,10.666666666666666,1.5,3
"FA0001020","GOODFELLAS RESTAURANT & BAKERY",40.152061,-105.1039235,1,4.3,1429,47.285714285714285,4.5,14
"FA0001021","MCDONALDS NORTH",40.1925503,-105.1017538,1,3.5,1861,19.0,1.5,4
"FA0001022","MCDONALDS SOUTH",40.1534998,-105.1031013,1,3.3,1498,10.333333333333334,1.5,9
"FA0001035","HANA JAPANESE BISTRO",39.9609922,-105.1672438,2,4.6,398,23.25,2.0,4
"FA0001036","WAHOOS FISH TACO",40.021868,-105.258716,1,4.4,445,40.90909090909091,2.6666666666666665,11
"FA0001046","BLUE OWL BOOKS",39.95980720000001,-105.5105523,1,4.7,187,42.142857142857146,3.5,7
"FA0001055","STARBUCKS COFFEE 246",40.0148045,-105.213055,2,3.7,38,7.5,1.0,2
"FA0001057","WING STOP",40.15283730000001,-105.1110897,2,3.8,370,1.0,1.0,1
"FA0001060","TASUKI",40.0152478,-105.2634023,2,4.6,288,56.94736842105263,9.5,19
"FA0001072","SPOTTED JAMES THE",40.0169521,-105.2813363,2,2.7,10,37.0,2.5,5
"FA0001074","KITCHEN THE",40.0178146,-105.2817688,3,4.5,903,25.0,1.5,4
"FA0001076","TRIDENT CAFE",40.017035,-105.2829136,1,4.7,893,20.214285714285715,4.666666666666667,14
"FA0001077","BOHEMIAN BIERGARTEN",40.0161719,-105.2778439,2,4.6,1613,123.65384615384616,6.5,26
"FA0001084","SINK THE",40.0085813,-105.2764048,2,4.5,2034,95.26315789473684,4.75,19
"FA0001086","TSING TAO",39.98398359999999,-105.2504244,2,4.1,335,46.42857142857143,4.666666666666667,14
"FA0001088","740 FRONT",39.9776522,-105.1305096,2,4.4,762,56.0,5.666666666666667,17
"FA0001090","WENDYS 5201",39.9870253,-105.0869467,1,3.9,724,7.0,1.0,3
"FA0001091","WENDYS 4035",40.1464481,-105.1309689,1,3.9,896,15.0,1.0,2
"FA0001094","ZUCCA ITALIAN RESTAURANT",39.9780413,-105.1318573,2,4.4,353,29.555555555555557,4.5,9
"FA0001114","BENNYS TACOS",40.1648783,-105.1027959,1,4.6,599,29.714285714285715,4.666666666666667,14
"FA0001124","WINCHELLS DONUT",40.1676049,-105.1022791,1,4.5,520,45.85,5.0,20
"FA0001126","A THAI STICKY RICE",40.164132,-105.1019279,2,4.8,64,33.15384615384615,6.333333333333333,26
"FA0001138","LAS PALMERAS RESTAURANT",40.1550759,-105.1030099,1,4.4,1110,46.8235294117647,4.333333333333333,17
"FA0001149","PINOCCHIOS",40.10239809999999,-105.1706024,2,4.2,608,49.166666666666664,3.0,6
"FA0001161","SUBWAY",40.1899699,-105.1314004,1,3.3,103,14.0,1.5,5
"FA0001163","SUBWAY",40.18736910000001,-105.1017338,1,4,142,34.44444444444444,3.5,9
"FA0001166","SUBWAY",39.9856206,-105.0950923,1,3.5,78,36.4375,5.0,16
"FA0001167","SUBWAY ERIE",40.0172175,-105.1014974,1,4.1,67,25.1,2.5,10
"FA0001168","SUBWAY #6752",40.01411,-105.2294947,1,3.9,61,16.0,2.0,2
"FA0001169","SUBWAY",40.0307571,-105.257608,1,3.8,155,39.266666666666666,5.0,15
"FA0001175","QUARTERS BAR+ARCADE",40.1671915,-105.1027115,2,4.7,270,24.6,5.0,10
"FA0001182","CHINA 88",40.1874008,-105.1294251,2,4,379,80.0625,9.6,48
"FA0001183","PJS DINER",39.929025,-105.1493478,1,4.7,878,26.5,3.0,18
"FA0001186","MCDONALDS",39.9611975,-105.1627658,1,3.5,778,6.5,2.0,4
"FA0001191","VERDE",40.0307571,-105.257608,2,4.4,643,95.03448275862068,7.25,29
"FA0001192","TANGERINE RESTAURANT",40.1654255,-105.1029414,2,4.3,337,64.37037037037037,5.4,27
"FA0001195","VITALITY BOWLS",40.0148842,-105.2625109,2,4.2,89,28.75,2.0,4
"FA0001198","WENDYS 4787",40.0142343,-105.2274825,1,3.8,586,34.142857142857146,2.3333333333333335,7
"FA0001200","WEST END TAVERN",40.0170002,-105.2832452,2,4.4,1471,69.0625,3.0,16
"FA0001202","NEDS",39.96208350000001,-105.5110271,1,4.2,695,61.11764705882353,4.25,17
"FA0001203","SUBWAY",40.1008065,-105.1678797,1,4.3,48,13.0,2.0,8
"FA0001204","SCRATCH KITCHENS",40.0211438,-105.2659919,2,3.9,117,39.46153846153846,4.333333333333333,13
"FA0001215","GRILL AT COAL CREEK THE",39.9585447,-105.152074,2,4.9,8,32.8125,5.333333333333333,16
"FA0001220","PAPA MURPHYS PIZZA",40.0162977,-105.1003947,1,4.2,74,37.22222222222222,3.0,9
"FA0001225","CHIMERA",40.0177366,-105.2824094,2,4.2,437,44.8,5.0,10
"FA0001229","LONGMONT DAIRY QUEEN",40.16967229999999,-105.1021649,1,4.3,229,32.0,2.5,5
"FA0001230","DAIRY QUEEN",40.1935706,-105.1028957,1,4.1,597,20.0,1.5,4
"FA0001232","DAIRY QUEEN 40732",40.14207409999999,-105.1295959,1,4.3,177,40.0,3.0,6
"FA0001234","DAIRY QUEEN",40.0172175,-105.1014974,1,4.2,101,7.333333333333333,1.0,3
"FA0001236","BACK COUNTRY PIZZA AND TAP HOUSE",40.0145884,-105.1962555,2,4.4,1106,46.18181818181818,3.6666666666666665,11
"FA0001237","TWISTED PINE BREWING COMPANY",40.0208264,-105.251023,2,4.5,523,34.5,3.3333333333333335,10
"FA0001240","OLD OAK COFFEEHOUSE THE",40.1033807,-105.1721789,1,4.7,165,34.473684210526315,4.75,19
"FA0001242","OAK AT FOURTEENTH",40.0181492,-105.2770887,3,4.6,678,61.69230769230769,3.6666666666666665,13
"FA0001243","ROSETTA HALL STALL 10 BAR",40.0170388,-105.2806943,2,4.5,488,30.727272727272727,5.5,11
"FA0001244","SHIFU EXPRESS",39.9864873,-105.0901525,1,4.2,83,69.81818181818181,10.5,33
"FA0001245","MARTINOS PIZZERIA",40.014328,-105.128281,2,4.4,169,14.0,1.5,3
"FA0001247","BLUE CORN TACOS",40.1852151,-105.1030732,1,4.8,379,45.833333333333336,2.5,6
"FA0001249","CAFE BLUE",40.0703182,-105.201701,2,4.5,178,52.5,4.0,8
"FA0001251","BLACK CAT",40.0178929,-105.2784009,4,4.7,308,66.875,4.0,8
"FA0001253","BAWARCHI",39.9644741,-105.1623089,2,4.1,1241,70.25,6.0,48
"FA0001257","SUSHI AJI",40.001825,-105.103979,2,4.4,314,24.0,3.6666666666666665,11
"FA0001260","UCAR",40.0319049,-105.2458517,2,5,2,50.0,3.0,3
"FA0001267","FOX THEATER",40.0080341,-105.2765761,2,4.5,844,45.0,5.0,5
"FA0001269","IHOP 2071",39.9578334,-105.1705349,1,3.7,332,17.4,3.3333333333333335,10
"FA0001270","UCAR",39.9787054,-105.2747061,1,4.6,179,24.0,3.0,6
"FA0001272","KHOW THAI CAFE",40.0130829,-105.2780477,1,4.3,354,60.806451612903224,7.666666666666667,31
"FA0001273","SCRUMPTIOUS",40.1678203,-105.1023253,1,4.4,448,19.6,2.5,5
"FA0001278","GAIA CAFE",39.9876442,-105.1567344,2,4.5,283,6.0,2.0,2
"FA0001283","GABEE COFFEE",40.0299891,-105.2579121,0,4.8,373,20.8,1.5,5
"FA0001284","CAFFE SOLE",39.7050752,-104.9875752,2,4.3,416,90.29032258064517,6.666666666666667,31
"FA0001286","WONDERVU CAFE",39.92436620000001,-105.3964209,2,4.1,480,67.0,5.0,10
"FA0001288","FOOLISH CRAIGS CAFE",40.01923,-105.2744535,2,4.4,1217,64.0,6.5,20
"FA0001290","POINT CAFE THE",40.0074893,-105.2764208,1,4.6,117,56.214285714285715,3.6666666666666665,14
"FA0001291","LAST STAND TAVERN",39.9199804,-105.3708906,2,4.3,352,30.0,2.0,2
"FA0001292","CHIPOTLE MEXICAN GRILL #114",39.9662154,-105.1639539,1,4,534,13.0,1.0,4
"FA0001294","CHIPOTLE MEXICAN GRILL #13",40.1528437,-105.1111177,1,4.2,622,15.0,1.0,2
"FA0001299","KTS BBQ",40.0143988,-105.1792848,1,4.4,333,25.833333333333332,6.0,18
"FA0001300","MCDONALDS 26108",40.0013754,-105.1036494,1,3.4,1037,4.5,3.0,8
"FA0001306","LA CHOZA #2",40.055516,-105.2827313,1,4.3,557,31.133333333333333,2.0,15
"FA0001308","DAIRY QUEEN 12402",40.0339025,-105.259242,1,4.2,189,18.285714285714285,2.0,7
"FA0001309","FIRST WATCH RESTAURANTS",40.14328039999999,-105.1275858,2,4.4,627,32.5,2.0,4
"FA0001310","MARTINIS BISTRO",40.1688091,-105.1055679,2,4.5,478,47.30769230769231,3.5,13
"FA0001319","(CU)  FARRAND ALLEY",40.0060088,-105.2657756,0,4.3,4,10.0,1.0,1
"FA0001321","(CU) SEWALL DINING CENTER",40.0104719,-105.2720362,2,5,2,32.5,2.0,4
"FA0001322","FOX HILL COUNTRY CLUB",40.16107179999999,-105.0672947,2,4.3,128,33.0,2.5,5
"FA0001327","BREWING MARKET",40.0145884,-105.1962555,2,4.2,295,43.57142857142857,3.5,7
"FA0001330","MOES BROADWAY BAGEL",39.7050752,-104.9875752,1,4.4,663,26.0,2.5,5
"FA0001333","CHILIS GRILL AND BAR 711",40.1446755,-105.131218,2,4.2,1235,26.0,2.5,5
"FA0001335","PROTOS PIZZA LAFAYETTE",40.0021108,-105.1040148,2,4.5,246,35.333333333333336,5.0,15
"FA0001336","WING SHACK",40.17898599999999,-105.117056,2,4.2,512,32.5,2.0,4
"FA0001338","ASIAN CUISINE AND VIETNAMESE",39.9295679,-105.1497666,2,4.7,177,54.72727272727273,6.6,33
"FA0001343","THAI KITCHEN",40.1963435,-105.1013488,2,4.3,308,91.4,6.25,25
"FA0001344","GOLDEN SUN",40.0153921,-105.2592216,1,3.4,289,64.0952380952381,5.25,21
"FA0001347","KATHMANDU RESTAURANT",39.9620757,-105.5115825,2,4.5,600,43.23529411764706,3.5,17
"FA0001350","VIET KITCHEN (AT ATLAS VALLEY)",40.0135444,-105.1329667,2,4.9,60,33.0,2.6666666666666665,8
"FA0001355","DELI ZONE",39.9986036,-105.2346008,1,4,93,82.78125,5.8,32
"FA0001363","TIBETS RESTAURANT AND BAR",39.9666052,-105.1639878,2,4.4,293,50.3125,5.333333333333333,16
"FA0001367","LA MARIPOSA MARGARITA HOUSE MEXICAN RESTAURANT",40.0279047,-105.2592116,2,4.4,203,80.0,5.5,22
"FA0001368","LOAF N JUG 95",40.1629806,-105.0876633,1,2.9,32,24.333333333333332,2.0,6
"FA0001370","D P DOUGH",40.007136,-105.2759419,1,3.4,129,16.2,2.5,5
"FA0001373","NITRO CLUB",40.0175027,-105.2806253,2,3,84,21.0,2.5,5
"FA0001374","SUSHI OUTLET",39.9564745,-105.1705339,2,4.6,459,25.0,2.0,2
"FA0001375","TEQUILA Y MEZCHAL",39.9295913,-105.1499295,2,4.7,176,40.53846153846154,6.5,13
"FA0001380","BIG DADDY BAGELS",40.0021108,-105.1040148,1,4.4,307,28.555555555555557,4.5,9
"FA0001403","95A BISTRO & SUSHI",40.0142258,-105.1297239,2,4.5,655,54.09090909090909,5.5,11
"FA0001408","TORTILLAS Y PANADERIA LAGUNA",40.1789721,-105.1160155,2,4.7,12,71.42857142857143,6.0,14
"FA0001414","SMOKIN DAVES BBQ & TAPHOUSE",40.2237444,-105.2662098,2,4.6,1195,47.0,2.5,5
"FA0001429","SENOR GOMEZ",39.9938644,-105.0900423,1,4.3,157,55.27272727272727,8.0,22
"FA0001444","SUGARBEET THE",40.1608017,-105.1075777,3,4.7,541,22.5,4.0,8
"FA0001447","PAPA JOHNS PIZZA",40.1868402,-105.0729085,1,3.9,184,27.142857142857142,2.5,7
"FA0001451","DOMINOS PIZZA 6232",40.17812869999999,-105.1019137,1,3.5,499,14.0,1.5,5
"FA0001493","BOULDER PHO",40.0280832,-105.2592832,1,4.3,562,28.0,5.0,18
"FA0001512","COURTYARD BY MARRIOTT 1067",40.1406191,-105.1328852,2,4.3,218,52.5,2.6666666666666665,8
"FA0001513","STARBUCKS COFFEE 6638",40.1470806,-105.1314918,2,4.3,343,25.0,2.0,2
"FA0001514","NOODLES AND COMPANY #125",40.1472872,-105.1314164,1,4,392,14.833333333333334,1.5,6
"FA0001515","COLD STONE CREAMERY",40.1472632,-105.1315968,2,4.3,137,6.666666666666667,1.0,3
"FA0001524","RESIDENCE INN LONGMONT",40.1398405,-105.1325654,2,4.3,271,25.0,2.0,2
"FA0001542","(CU) SEEC CAFE",40.008355,-105.2432814,1,4,33,20.2,2.5,5
"FA0001543","WAHOOS FISH TACO",40.1470806,-105.1314918,1,4.5,323,60.0,2.6666666666666665,8
"FA0001549","STONE CUP THE",40.2257675,-105.2712769,1,4.6,455,61.0,3.5,14
"FA0001550","LA CHOZA (MOBILE)",40.0574237,-105.2821287,1,4.3,557,81.42307692307692,6.5,26
"FA0001554","LOGANS ESPRESSO CAFE",40.0476038,-105.280851,1,4.7,91,10.0,1.0,1
"FA0001585","TANDOORI KITCHEN",39.9886413,-105.0914998,2,4.7,378,70.08333333333333,5.8,36
"FA0001595","PANDA EXPRESS #2313 (CU)",40.0065706,-105.2717488,1,3.4,35,15.0,1.0,2
"FA0001614","SHERPAS",40.016199,-105.2844684,2,4.5,876,12.4,2.5,5
"FA0001623","OREGANOS PIZZA BISTRO",39.9998565,-105.2604899,2,4.5,237,45.2,5.0,15
"FA0001624","SNARFS PEARL",40.0218293,-105.259785,1,4.3,628,40.22222222222222,2.5,9
"FA0001630","TACOS GTO",40.168074,-105.1022791,2,4.6,43,55.833333333333336,3.0,6
"FA0001631","CHINA BUFFET",40.1517016,-105.1277685,1,3.6,390,42.90909090909091,4.5,11
"FA0001638","CAPRESE TRATTORIA",40.1479432,-105.1314564,2,4.4,1041,64.0952380952381,7.0,21
"FA0001641","ABOS PIZZA LONGMONT",40.191863,-105.1009746,1,4.1,299,10.0,1.0,2
"FA0001642","EDIBLE ARRANGEMENTS",40.0153754,-105.2591132,2,3.3,27,14.6,2.5,5
"FA0001643","CAFE AION",40.0087805,-105.2765032,2,4.2,232,25.0,3.0,8
"FA0001645","OFF CAMPUS CAFE",39.9669351,-105.0893952,1,4.4,262,59.73684210526316,5.0,19
"FA0001646","EINSTEIN BROS BAGELS 3331",40.0169677,-105.2588796,1,3.7,158,38.0,2.5,9
"FA0001647","CANTINA LUNADA",40.15214599999999,-105.1110721,2,4.3,339,28.0,3.0,9
"FA0001662","LE PEEP",40.1519556,-105.1147028,2,4.5,1019,63.23529411764706,5.666666666666667,17
"FA0001663","DOUGS DINER",39.9990636,-105.2612502,1,4.6,574,58.11764705882353,5.666666666666667,17
"FA0001732","BUSABA",39.97021489999999,-105.1639539,2,4.7,1490,20.0,2.0,7
"FA0001760","A AND J ALLIANCE",40.0260081,-105.2815083,2,4.2,771,37.94736842105263,4.75,19
"FA0001776","PEARL ST GRILL 1  (MOBILE)",40.026162,-105.2427945,1,4.3,541,75.0,12.0,12
"FA0001782","JERSEY MIKES SUBS 22043",39.9873892,-105.095485,1,4.2,40,40.5,4.0,8
"FA0001786","OSKAR BLUES HOMEMADE LIQUIDS & SOLI",40.1438606,-105.1311789,2,4.3,2134,47.0,3.0,10
"FA0001800","BOULDER COMMUNITY FOOTHILLS HOSPITAL",40.0163695,-105.2363882,2,5,3,21.8,2.5,5
"FA0002021","LEVY FOLSOM FIELD HOT PREP KITCHEN 6TH FLOOR (CU)",40.0091912,-105.2669142,2,4.6,1321,20.0,2.0,5
"FA0002027","LEVY BOULDER PIZZA CO (MOBILE)",40.008599,-105.2672299,2,4.5,1160,25.833333333333332,2.0,6
"FA0002076","MICI",39.9876824,-105.0954735,2,4.6,235,12.2,2.0,5
"FA0002108","GOOD TIMES BURGERS AND FROZEN CUSTARD",39.9869279,-105.0857496,1,3.8,197,39.36363636363637,2.6666666666666665,11
"FA0002128","LAS PALMERAS EXPRESS",40.187594,-105.0713434,2,4.5,87,44.166666666666664,4.5,18
"FA0002132","GONDOLIER",39.9980269,-105.2328968,2,4.3,447,61.22222222222222,3.0,9
"FA0002133","EATS AND SWEETS",39.9949449,-105.0906777,1,4.6,536,28.3,2.5,10
"FA0002143","SAIGON EXPRESS",40.1519532,-105.1143,2,4.2,432,46.53333333333333,5.0,15
"FA0002144","LEAF VEGETARIAN RESTAURANT",40.0191054,-105.2729781,2,4.6,834,70.9375,6.5,16
"FA0002145","PIZZA 314",40.0074249,-105.2757893,1,4.7,79,38.09090909090909,5.0,22
"FA0002152","SILVERMINE SUBS",40.1877465,-105.071323,1,3.9,224,47.68,3.75,25
"FA0002157","RUBY RUS",39.9875867,-105.1074805,2,4.8,72,13.4,1.5,5
"FA0002162","DELI ZONE",40.0718154,-105.2027984,1,4.1,174,38.3125,4.0,16
"FA0002163","LAMAR DONUTS",39.97021489999999,-105.1639539,1,4.7,623,12.333333333333334,1.5,3
"FA0002166","NICOLOS  PIZZA",40.1866901,-105.0760173,2,4.2,431,50.0,4.0,4
"FA0002167","FRESH THYMES EATERY",40.0267261,-105.2532795,2,4.5,551,69.0,4.333333333333333,13
"FA0002168","RED ROBIN AMERICAS GOURMET BURGERS",40.143539,-105.1315146,2,4.1,1083,25.0,2.0,5
"FA0002171","POLLERIA LA FOGATA",40.1883354,-105.1016196,2,4,131,50.416666666666664,3.5,12
"FA0002178","TIBET KITCHEN",40.0148771,-105.2633881,1,4.5,566,51.0,4.25,17
"FA0002186","NOPALITOS",40.035263,-105.2566954,1,4.8,326,47.30769230769231,3.6,26
"FA0002200","TEXAS ROADHOUSE",40.1427031,-105.1313319,2,4.3,2357,41.666666666666664,3.0,6
"FA0002205","PHUKET",39.960672,-105.1668774,2,4.5,341,38.0,5.0,10
"FA0002210","LEVY MOTIONS (MOBILE)",40.004712,-105.2605424,2,3.8,5,36.25,2.3333333333333335,8
"FA0002230","STARBUCKS COFFEE 8663",40.1880694,-105.0765196,2,4.2,218,20.0,1.5,3
"FA0002245","INTA JUICE",40.1481374,-105.1315059,2,4.6,361,5.0,1.0,1
"FA0002274","SWAYLOS TIKI",40.1431666,-105.1348953,2,4.2,160,37.0,2.5,8
"FA0002284","SMASHBURGER",40.0131102,-105.1315146,2,3.8,543,14.0,2.5,5
"FA0002287","ZIGGIS COFFEE BAR",40.165896,-105.1022603,1,4.5,760,50.714285714285715,3.5,7
"FA0002294","JIN CHAN ZHANG RESTAURANT",40.0275335,-105.2576977,1,4.1,217,55.42307692307692,6.5,26
"FA0002297","SPRUCE CONFECTIONS",40.0596799,-105.281855,1,4.5,188,41.0,3.0,10
"FA0002301","PROTOS PIZZA",40.059449,-105.28189,2,4.4,370,62.5,3.3333333333333335,10
"FA0002303","CHICKEN ON THE HILL",40.007632,-105.2765075,2,4,78,3.0,3.0,3
"FA0002311","RUSH",40.0088837,-105.2763482,1,4.5,138,28.333333333333332,3.0,9
"FA0002315","JAIPUR INDIAN RESTAURANT",40.0167633,-105.279051,2,4.2,519,52.0,4.0,15
"FA0002330","CHIPOTLE MEXICAN GRILL #650",40.1891734,-105.101731,1,4,511,50.5,4.0,16
"FA0002331","SANTIAGOS II MEXICAN RESTAURANT",39.9986678,-105.0902438,1,4.4,1062,28.5,3.0,12
"FA0002332","BUFFALO WILD WINGS #111",40.1436813,-105.1327938,2,3.6,1505,24.0,2.5,5
"FA0002339","ST JULIEN HOTEL AND SPA",40.0159802,-105.2824681,3,4.3,352,83.33333333333333,6.333333333333333,24
"FA0002343","SUSHI LEO",40.1437304,-105.1322064,2,4.5,290,65.81481481481481,5.5,27
"FA0002345","QDOBA MEXICAN EATS #2186",40.1436962,-105.1319486,1,4,507,29.642857142857142,4.666666666666667,14
"FA0002356","AMANTE UPTOWN",40.0575766,-105.2818477,2,4.2,275,43.46153846153846,3.25,13
"FA0002357","ALOY THAI CUISINE",40.0169562,-105.2592189,2,4.2,1016,7.5,1.5,4
"FA0002371","DELI ZONE LONGMONT",40.1528021,-105.113927,1,4.1,234,28.571428571428573,2.5,7
"FA0002372","EINSTEIN BROS BAGELS 3383",40.143748,-105.132144,1,4,338,20.4,2.5,5
"FA0002382","JEFES",40.1636193,-105.1021192,2,4.5,1346,85.02380952380952,6.6,42
"FA0002383","SACHI SUSHI",40.1010572,-105.1670731,2,4.6,134,72.5,4.5,18
"FA0002385","BEST PHO",40.01402239999999,-105.1294202,2,4.3,55,13.636363636363637,2.0,11
"FA0002393","SKY COFFEE",39.9702375,-105.0860399,1,3.8,44,5.666666666666667,1.0,3
"FA0002416","TIERRA Y FUEGO TAQUERIA",40.0571367,-105.2818111,1,4.6,263,44.214285714285715,4.666666666666667,14
"FA0002419","LOLLICUP BOULDER",40.0082486,-105.2760051,1,4.2,178,50.25,4.0,12
"FA0002434","COLORADO WOK",40.0009705,-105.1007743,2,3.9,408,39.63636363636363,3.6666666666666665,11
"FA0002435","PANERA BREAD #2432",39.9557406,-105.1689802,2,3.8,373,10.0,1.0,1
"FA0002436","FIVE GUYS BURGERS",40.1891957,-105.101722,2,4.2,650,31.0,3.0,3
"FA0002441","OZO EAST PEARL",40.0190869,-105.2753813,2,4.6,98,48.31818181818182,6.333333333333333,22
"FA0002442","PANANG THAI",39.9891435,-105.091097,2,4.3,439,25.75,4.0,12
"FA0002449","SUBWAY EXEMPLA 33266",39.9704626,-105.0863198,1,3.8,44,23.333333333333332,2.0,6
"FA0002471","CARLS JR #7525",40.1901404,-105.1301213,1,3.7,598,17.0,1.5,5
"FA0002478","SPRINGHILL SUITES BOULDER LONGMONT",40.13909659999999,-105.1331593,2,4.3,366,25.0,2.0,4
"FA0002481","BREWING MARKET",39.9996008,-105.2611072,1,4.2,207,38.888888888888886,3.5,9
"FA0002484","LITTLE CAESARS",40.1905526,-105.1024992,1,3.4,245,36.391304347826086,5.25,23
"FA0002488","CILANTRO",40.0477993,-105.280848,1,4.6,243,76.07692307692308,8.666666666666666,26
"FA0002492","KALITA GRILL",40.0137967,-105.2627051,2,4.6,380,43.5,3.5,14
"FA0002497","PAPA MURPHYS PIZZA",40.0353363,-105.260158,1,4,83,4.75,1.5,4
"FA0002505","SUBWAY 38902 AT SUPER WALMART",40.2051158,-105.098488,1,4,2462,17.0,1.5,5
"FA0002506","ROSARIOS RESTAURANT",40.15168980000001,-105.1040145,2,4.7,951,34.0,4.0,12
"FA0002513","PANDA EXPRESS#1100",39.9578759,-105.1694372,1,2.9,189,3.6666666666666665,1.5,3
"FA0002526","HOLIDAY INN EXPRESS",40.0612313,-105.2829086,1,4.3,384,31.666666666666668,3.0,9
"FA0002527","CUGINI PIZZERIA",40.0012517,-105.1006805,2,4.5,125,17.5,4.0,8
"FA0002561","BOULDER PHO & MILK TEA",40.143716,-105.1320739,2,4.4,35,25.875,2.6666666666666665,8
"FA0002562","ND STREETBAR",40.0177735,-105.2819288,2,4.4,909,15.8,1.5,5
"FA0002578","PANERA BREAD #2437",40.1519161,-105.0997213,2,3.9,625,6.666666666666667,1.0,3
"FA0002591","DAIRY CENTER FOR THE ARTS THE",40.0193233,-105.261078,2,4.5,57,19.0,5.0,10
"FA0002592","RED FROG COFFEE",40.1519236,-105.0937835,1,4.6,476,32.857142857142854,2.0,7
"FA0002609","PIZZA BAR 66",40.2249169,-105.2706367,2,4.5,407,40.357142857142854,3.5,14
"FA0002612","CHILIS GRILL AND BAR",40.0034588,-105.1037534,2,3.9,957,5.0,1.0,1
"FA0002629","PEKOE SIP TEA HOUSE 4 @ ATLAS BLDG",40.0074416,-105.2699287,2,4.3,67,62.27272727272727,3.6666666666666665,11
"FA0002630","TGI FRIDAYS #572",40.1519168,-105.094423,2,3.9,971,22.75,2.6666666666666665,8
"FA0002631","YELLOW DELI THE",40.0168837,-105.283366,1,4.5,550,15.0,1.5,4
"FA0002645","BIRDCALL 29TH ST",40.0163558,-105.2566462,2,4.4,74,51.529411764705884,5.666666666666667,17
"FA0002651","CURRY N KEBOB",40.0301285,-105.2578785,1,4.4,1067,84.11764705882354,6.75,34
"FA0002653","PANERA BREAD #2439",40.0190602,-105.2565447,2,3.9,525,2.0,1.0,1
"FA0002654","FIVE GUYS BOULDER",40.0193119,-105.256509,2,4.4,847,3.0,2.0,2
"FA0002656","SUBWAY",40.1511469,-105.1314918,1,3.6,129,17.142857142857142,3.6666666666666665,14
"FA0002657","NATIVE FOODS CAFE",40.0164918,-105.256509,2,4.4,679,28.571428571428573,2.0,7
"FA0002658","MAD GREENS",40.01887079999999,-105.2565814,2,4.5,214,33.57142857142857,2.5,7
"FA0002661","STARBUCKS COFFEE 10677",40.1906131,-105.1028044,2,4.1,367,11.5,2.0,4
"FA0002665","FIVE SPICE ASIAN CUSINE",40.035429,-105.2598618,2,3.5,240,98.27272727272727,13.75,55
"FA0002668","CHIPOTLE MEXICAN GRILL #894",40.0166539,-105.2579263,1,3.9,686,27.6,2.5,5
"FA0002670","BIG DADDYS PIZZA",39.987316,-105.10691,2,4,38,15.333333333333334,2.5,6
"FA0002675","LAWLESS CRAIGS",40.0012262,-105.2622739,2,4.4,1217,34.166666666666664,3.0,6
"FA0002676","HOLIDAY INN EXPRESS QWMCO",40.1419518,-105.1346212,2,4.2,414,25.0,1.5,3
"FA0002677","MY RAMEN & IZAKAYA",40.0342111,-105.2576484,2,4.3,464,27.77777777777778,4.5,9
"FA0002680","KIKKA AT  WHOLE FOODS MARKET",40.02392700000001,-105.2559579,3,4.1,872,10.0,1.0,2
"FA0002685","STARBUCKS COFFEE 9693",40.1890994,-105.12987,2,4.1,372,13.0,3.0,3
"FA0002689","DELI AT 8236 THE",39.9617855,-105.5096031,1,4.7,154,25.0,2.5,5
"FA0002694","MUMTAZ MEDITERRANEAN CUISINE",40.0033008,-105.1024083,1,4.6,512,25.0,2.0,2
"FA0002697","KENTUCKY FRIED CHICKEN  A AND W",40.2050886,-105.1017317,1,3.2,588,10.0,1.0,1
"FA0002699","BACCO TRATTORIA",40.05804670000001,-105.2814312,2,4.2,246,70.0,5.0,13
"FA0002701","BUSEY BREWS",39.9616936,-105.5093619,2,4.7,717,45.0,2.5,5
"FA0002703","TACO PALACE LONGMONT",40.1519366,-105.0978029,2,4.2,333,53.63636363636363,3.6666666666666665,11
"FA0002704","A CUP OF PEACE",40.0142798,-105.2504029,1,4.3,258,71.08695652173913,6.333333333333333,23
"FA0002718","JAMBA JUICE @ UMC (CU)",40.006295,-105.2719745,0,4.2,5,26.857142857142858,2.3333333333333335,7
"FA0002719","STARBUCKS COFFEE 13426",40.01589,-105.1023705,2,4.1,189,1.0,1.0,2
"FA0002745","CAVA",40.0171082,-105.2571899,1,4.4,146,56.92307692307692,6.5,13
"FA0002750","OLD WORLD WOOD FIRE PIZZERIA/ BAVARIAN BAKERY",40.1514798,-105.1194544,1,4.2,107,70.19354838709677,6.75,31
"FA0002757","LAGUNA AUTHENTIC MEXICAN RESTAURANT",40.1353084,-105.1032596,2,4.6,86,39.23076923076923,4.333333333333333,13
"FA0002758","RAS KASSAS ETHIOPIAN",39.9910066,-105.090221,2,4.6,583,42.42857142857143,4.666666666666667,14
"FA0002759","LOCO HERMANOS",39.965736,-105.1619952,1,4.6,696,16.76923076923077,4.333333333333333,13
"FA0002790","PALETERIA LA MICHOACANA",40.196846,-105.1009613,1,4,164,50.55555555555556,4.5,9
"FA0002792","CENTURY THEATRE",40.0172524,-105.2543182,2,4,844,25.0,1.5,3
"FA0002811","DELICIOUS ZS",39.99104,-105.090192,1,4.4,411,12.444444444444445,6.0,18
"FA0002815","MURPHYS SOUTH",39.98387330000001,-105.2488208,2,4.3,361,89.28571428571429,5.25,21
"FA0002823","EAST MOON ASIAN BISTRO II",40.1973648,-105.1009545,2,4.3,488,43.333333333333336,3.5,9
"FA0002826","FIOR DI GELATO",40.01776539999999,-105.2821346,2,4.6,355,37.75,3.0,8
"FA0002828","PANDA EXPRESS #1493",40.1517562,-105.0916597,1,3.3,543,7.5,1.0,2
"FA0002830","CHICKEN JACKS",40.1530524,-105.0942631,1,4.1,145,16.666666666666668,1.0,3
"FA0002839","ZIGGIS COFFEE",40.1891069,-105.1312063,1,4.6,310,52.5,4.0,12
"FA0002840","STARBUCKS COFFEE 10867",39.9280596,-105.1476878,2,4.2,236,23.333333333333332,3.0,6
"FA0002856","PMR CAFE THE",40.062237,-105.2100193,2,4.1,336,18.666666666666668,2.5,9
"FA0002857","COLD STONE CREAMERY",40.0140792,-105.2627166,2,4.3,82,8.0,2.0,4
"FA0002863","HISSHO SUSHI #312 (INSIDE SPROUTS)",40.0152398,-105.2600413,2,4.4,454,15.0,1.0,1
"FA0002867","BASIL BOWL",39.9858315,-105.1069648,2,4.7,62,11.0,2.0,2
"FA0002868","MORNING GLORY CAFE",40.013977,-105.129512,2,4.5,807,78.0,5.25,22
"FA0002873","TACOS EL REY #2",40.01589,-105.1023705,1,4.5,186,22.75,3.0,8
"FA0002874","ZOE MA MA",40.017612,-105.2825531,1,4.2,834,37.214285714285715,4.0,14
"FA0002882","ZODIAC SUBS",40.0148771,-105.2633881,1,4.7,93,31.0,4.0,4
"FA0002891","BASKIN ROBBINS",40.1917857,-105.1302355,1,4.3,211,10.0,1.0,2
"FA0002925","SAVORY SPICE SHOP",40.0185367,-105.2805027,2,4.8,77,21.0,2.5,5
"FA0002939","FOOLISH CRAIGS CAFE",40.0090229,-105.2689923,2,4.4,1217,38.333333333333336,3.0,6
"FA0002948","QDOBA MEXICAN GRILL #2526",39.9648577,-105.1641366,1,4.1,348,24.857142857142858,2.0,7
"FA0002966","STARBUCKS COFFEE #5587",39.9648577,-105.1641366,2,4.2,261,24.0,2.0,8
"FA0002979","LA PUPUSA LOCA (MOBILE)",39.7050752,-104.9875752,0,3.7,68,20.0,2.5,6
"FA0002983","PINOCCHIOS",40.1537696,-105.0998027,2,4.2,608,31.0,3.5,10
"FA0002991","JIMMY JOHNS",40.1537094,-105.0987169,1,3.4,167,29.9,3.5,10
"FA0003002","CHOP 5 SALAD KTICHEN",40.0149546,-105.2596866,0,4.4,61,27.0,2.0,5
"FA0003034","FLIGHT DECK GRILL (MOBILE)",40.1738191,-105.1182895,2,4.8,22,11.666666666666666,1.5,3
"FA0003050","MOES ORIGINAL BBQ",39.9991487,-105.2540857,2,4.1,410,42.333333333333336,4.0,12
"FA0003243","DRY STORAGE",40.0152135,-105.2482341,2,4.5,89,54.642857142857146,4.666666666666667,14
"FA0003244","SNARFS",40.1816865,-105.1290261,1,4.4,439,15.0,1.5,3
"FA0003255","LAUGHING GOAT NORLIN",40.008826,-105.2704048,2,4.3,154,36.5,2.5,10
"FA0003257","BARNES AND NOBLE BOOKSELLERS",40.0235207,-105.2543069,2,4.5,913,31.0,2.5,5
"FA0003258","DANNYS TACOS",40.1895254,-105.1312177,2,4.6,142,51.80769230769231,6.5,26
"FA0003265","BIG DADDY BAGELS",40.1355777,-105.1031926,1,4.3,242,25.0,3.0,3
"FA0003267","MODMARKET",40.0157307,-105.2579097,2,4.1,534,16.0,2.0,5
"FA0003269","ALI BABA GRILL",40.0301734,-105.2578728,2,4.2,771,23.428571428571427,3.5,14
"FA0003305","CHICK FIL A AT LONGMONT",40.1518738,-105.0963641,1,4.4,1915,46.1,3.0,10
"FA0003307","NOODLES AND COMPANY #146",40.01545830000001,-105.2578894,1,3.5,263,12.75,2.0,4
"FA0003314","RED ROCK COFFEE HOUSE",40.035352,-105.2600544,1,4.3,268,30.0,2.0,2
"FA0003315","TORTILLERIA LAS 5 AMERICAS",39.9979618,-105.0908376,2,4.3,47,38.22222222222222,6.0,18
"FA0003317","PIZZERIA BASTA",40.0152135,-105.2482341,3,4.5,317,12.0,2.0,4
"FA0003318","CAFE BOULDER",40.0187496,-105.2548631,2,4.5,214,54.375,4.0,8
"FA0003319","LITTLE CAESARS",40.153007,-105.1094505,1,3.7,172,33.214285714285715,3.5,14
"FA0003323","RUNZA",40.1897717,-105.1026674,1,4.2,210,27.0,5.0,5
"FA0003337","SMASHBURGER @ CROSS ROADS MALL",40.0166539,-105.25787,2,3.7,436,20.0,2.0,7
"FA0003350","TNT ROASTED CORN (MOBILE)",40.1976939,-105.1030328,2,3.9,378,10.0,1.0,1
"FA0003365","BARKING DOG CAFE",40.2245169,-105.2706624,1,4.5,339,45.90909090909091,4.5,11
"FA0003408","POR WINE HOUSE",39.9769925,-105.1325197,2,4.3,452,71.82142857142857,9.333333333333334,28
"FA0003410","LUCKY PIE PIZZA",39.9765788,-105.1311641,2,4.5,851,58.35294117647059,3.5,17
"FA0003464","LA CHOZA #3",40.0088426,-105.2763961,2,4.6,56,93.57894736842105,5.0,19
"FA0003466","NOODLES AND COMPANY #150",39.99953480000001,-105.2610158,1,3.6,223,3.0,1.0,2
"FA0003470","GURKHAS DUMPLING AND CURRY HOUSE",40.0152398,-105.2600413,2,4.6,86,37.77777777777778,3.0,9
"FA0003471","META BURGER",40.0204769,-105.256543,2,4.9,55,20.0,1.5,6
"FA0003472","TODS ESPRESSO CAFE",40.0721707,-105.2008731,1,4.3,170,17.5,1.5,4
"FA0003473","RIPPLE PURE FROZEN YOGURT",40.0163467,-105.2524805,1,4.5,238,25.625,2.0,8
"FA0003485","OZO COFFEE COMPANY",40.017564,-105.282169,2,4.6,781,25.8125,3.2,16
"FA0003487","PIZZERIA LOCALE",40.0192762,-105.2726469,2,4.5,1160,25.833333333333332,2.0,6
"FA0003491","DAIRY QUEEN",39.9727036,-105.0882342,1,4,386,16.666666666666668,1.5,3
"FA0003499","SPANISH",40.0081681,-105.276599,2,4.6,256,52.69230769230769,4.333333333333333,13
"FA0003510","PHO CAFE",39.9887872,-105.0911771,1,4.6,746,40.0,4.0,8
"FA0003512","MARCOS PIZZA",39.9648577,-105.1641366,1,3.9,138,14.4,1.5,5
"FA0003521","COLORADO ATHLETIC CLUB",40.0187496,-105.2548631,2,2.7,143,31.125,2.6666666666666665,8
"FA0003522","SNARFS SANDWICHES",39.98320440000001,-105.2499644,1,4.4,346,22.5,2.0,4
"FA0003529","YELLOWBELLY",40.0152398,-105.2600413,1,4.1,275,38.666666666666664,4.0,12
"FA0003535","TANGERINE",40.0373935,-105.2588972,2,4.3,578,39.13333333333333,3.6666666666666665,15
"FA0003536","DAIKON",40.018677,-105.2566379,1,4.3,204,12.5,1.5,4
"FA0003540","BOULDER BOWLS (MOBILE)",40.0256921,-105.2493122,2,4.2,419,34.0,2.5,5
"FA0003541","WOOD GRAIN BAGELS",40.0152398,-105.2600413,2,4.2,369,55.21739130434783,5.75,23
"FA0003542","BITTERSWEET CAFE & CONFECTIONS",39.9784334,-105.1318573,2,4.5,394,53.45454545454545,5.5,11
"FA0003543","MENCHIES #052",39.9873941,-105.0956372,1,4.1,127,5.0,1.0,1
"FA0003545","SUSHI YOSHI RESTAURANT",39.9791476,-105.1310578,2,4.4,194,21.333333333333332,3.0,6
"FA0003551","BOULDER CREEK LODGE THE",39.9610065,-105.5096595,2,4.3,213,40.0,4.0,4
"FA0003562","WAFFLE LAB THE",40.0083475,-105.2765761,2,4,30,22.625,4.0,8
"FA0003565","TIFFIN WALLAH",40.0140542,-105.2626995,1,4.1,495,75.86666666666666,7.5,30
"FA0003566","JIMMY JOHNS #1431",40.1890994,-105.12987,1,4.1,129,20.333333333333332,2.0,6
"FA0003583","CURED",40.0200071,-105.2714756,2,4.6,118,52.77777777777778,2.5,9
"FA0003584","SUR LA TABLE",40.0191498,-105.255439,1,3.7,41,5.0,1.0,1
"FA0003585","FOLSOM THAI",40.0152523,-105.2634852,2,4.6,288,38.23529411764706,3.0,17
"FA0003592","AOI",40.0352285,-105.2546915,2,4.8,226,50.125,4.0,8
"FA0003599","WONDER PRESS",40.0169875,-105.282685,2,4.4,279,6.5,1.0,4
"FA0003604","SNOOZE",40.019372,-105.2742706,2,4.6,1885,26.0,1.5,5
"FA0003605","MCCASLIN THAI",39.96546230000001,-105.1614907,2,4.2,28,50.95238095238095,7.0,21
"FA0003606","BLACKBELLY MARKET",40.0150122,-105.2272276,3,4.6,1181,39.5,3.0,10
"FA0003614","ROBIN CHOCOLATES",40.1512854,-105.1531705,2,4.9,125,21.25,2.0,4
"FA0003621","MOTOMAKI",40.0155682,-105.2578091,2,4.3,659,20.166666666666668,2.0,6
"FA0003637","R GALLERY",40.0184225,-105.2805154,2,4.7,26,10.0,1.0,1
"FA0003680","LA MOMO MAES BAKERY",40.1514448,-105.1301698,2,4.4,171,42.57142857142857,4.666666666666667,14
"FA0003703","SALTO COFFEE WORKS",39.9624353,-105.5083775,1,4.6,436,40.0,2.5,5
"FA0003704","TWISTED ROOTS YOGURT",40.1904603,-105.102774,2,4.5,127,15.285714285714286,2.0,7
"FA0003711","BLUE REEF SEAFOOD MARKET",40.1744298,-105.1032952,2,4.6,46,18.0,2.5,5
"FA0003722","ZIGGIS COFFEE",40.1454083,-105.1028615,1,4.6,292,10.0,1.5,4
"FA0003737","BRAMBLE AND HARE",40.0179773,-105.2784201,2,4.6,332,58.0,2.5,5
"FA0003739","JUNGLE",40.01779570000001,-105.2825984,0,4.6,161,23.75,2.0,4
"FA0003742","STARBUCKS 21402",40.0071679,-105.2751944,2,4.2,197,11.0,2.0,2
"FA0003769","BJS RESTAURANT",40.0177299,-105.2577891,2,4.1,920,20.0,1.5,3
"FA0003781","JFE SUSHI (KS-80)",40.1505035,-105.1341187,1,4.6,199,12.5,1.0,2
"FA0003784","TINGS PLACE",39.988132,-105.0909061,2,4.3,335,7.428571428571429,2.5,7
"FA0003785","BLUFF STREET BAR AND BILLIARDS",40.02704560000001,-105.2572453,1,4.1,223,33.0,5.5,17
"FA0003787","PAPA MURPHYS",40.1512968,-105.1315264,1,4,98,24.285714285714285,3.0,7
"FA0003792","ETOWN HALL",40.0203239,-105.2754856,2,4.8,180,12.5,1.0,2
"FA0003799","GOODY MONSTER",40.0071181,-105.2759597,2,4.3,39,48.77777777777778,4.5,9
"FA0003801","LUCKYS MARKET BAKEHOUSE",40.0476013,-105.2817023,2,4.6,328,16.428571428571427,2.0,7
"FA0003806","PANDA EXPRESS #2120",40.2047669,-105.1018452,1,2.9,247,5.0,1.0,1
"FA0003807","SPIRIT HOUND DISTILLERS",40.2156532,-105.2560747,2,4.8,189,11.75,1.5,4
"FA0003813","HISSHO SUSHI #323(INSIDE SPROUTS)",40.1459316,-105.13322,1,4.8,354,15.0,1.5,3
"FA0003814","BOULDER SALAD",40.0071181,-105.2759597,2,3.3,9,29.444444444444443,3.0,9
"FA0003821","TACO WAGON",39.994004,-105.0906777,1,4.4,205,31.928571428571427,2.5,14
"FA0003825","ETAIS AT CU",40.008301,-105.2490525,2,3.8,17,22.571428571428573,2.5,7
"FA0003827","AMANTE BASELINE",39.9998179,-105.2560976,1,4.2,214,25.333333333333332,3.0,9
"FA0003837","CAFE MEXICALI",39.9998179,-105.2560976,1,4.3,1039,45.142857142857146,3.5,7
"FA0003850","GOAT AT THE GARAGE THE",40.027848,-105.2267007,2,4.3,243,23.0,3.0,9
"FA0003851","ZEAL CART (MOBILE)",40.0239233,-105.251865,2,4.2,419,26.7,2.3333333333333335,10
"FA0003857","TWO HANDS MOBILE KITCHEN",40.0151591,-105.2203213,2,3.8,302,52.8,4.0,15
"FA0003872","OTIS",39.98572,-105.0946551,2,4.6,300,19.714285714285715,2.3333333333333335,7
"FA0003878","PHO KITCHEN BAR & GRILL",39.9998548,-105.2558233,2,4,240,25.6,2.5,5
"FA0003879","SMASHBURGER LONGMONT",40.1511469,-105.1314918,2,4.1,543,30.636363636363637,5.5,11
"FA0003890","URBAN THAI",40.1346163,-105.1033394,2,4.3,291,92.23529411764706,5.666666666666667,17
"FA0003891","WHEEL & WHISK THE (MOBILE)",40.0114098,-105.2206426,2,3.8,302,37.0,2.5,5
"FA0003913","NEVERIA LA ZUMBA",40.1787502,-105.1170169,2,4.1,29,17.4,2.5,5
"FA0004494","ROASTED TOAD BBQ THE",39.9631805,-105.5095941,0,4.4,79,34.285714285714285,2.0,7
"FA0004497","CHINA GOURMET - LONGMONT",40.1424332,-105.1345298,2,4.1,469,48.15384615384615,4.0,13
"FA0004498","KIMS FOOD TO GO",40.0077435,-105.2753449,1,3.9,114,25.5,3.0,6
"FA0004500","MODMARKET",40.15324880000001,-105.1054648,2,4.3,720,20.0,1.5,4
"FA0004505","SMOKIN BOWLS",40.1667218,-105.1028957,0,4.4,170,30.9,5.0,20
"FA0004507","RIVERSIDE",40.0145226,-105.2785702,1,4.6,126,70.06666666666666,5.0,15
"FA0004511","OZO COFFEE CAFE",40.0204271,-105.2182589,2,4.7,181,23.333333333333332,3.0,6
"FA0004515","BOSS LADY PIZZA",39.9299969,-105.1494925,2,4.2,54,5.0,2.5,5
"FA0004518","HAMPTON INN & SUITES",40.0724413,-105.205723,2,4.5,437,21.0,1.5,5
"FA0004519","SWEET COW",40.0247479,-105.2811651,1,4.7,718,20.333333333333332,1.5,3
"FA0004521","LE FRENCH CAFE",40.0152398,-105.2600413,2,4.7,367,33.63636363636363,2.0,11
"FA0004526","TOKYO JOES",40.1603592,-105.0549504,2,4,518,24.4,1.5,5
"FA0004539","AIMES LOVE",40.1646031,-105.102911,2,4.4,116,23.555555555555557,3.0,9
"FA0004595","SHOES AND BREWS",40.1580744,-105.1072111,2,4.9,183,7.4,2.5,5
"FA0004603","NIWOT WHEEL WORKS",40.1032048,-105.17291,0,4.5,2,17.6,2.5,5
"FA0004604","FIREHOUSE SUBS",40.1431394,-105.1313991,1,4.3,233,27.142857142857142,3.5,7
"FA0004625","NAROPA CAFE/COMMUNITY TABLE KITCHEN",40.0159674,-105.2073664,1,4.9,22,38.13333333333333,5.5,15
"FA0004635","AYA YAY TACOS",39.9861006,-105.1066413,1,4.7,1066,27.0,3.6666666666666665,11
"FA0004638","LONGS PEAK PUB & TAPHOUSE",40.171017,-105.1027816,2,4.6,1364,55.333333333333336,5.0,15
"FA0004641","NOODLES & COMPANY #168",39.9866766,-105.0974375,1,3.5,614,7.333333333333333,1.5,3
"FA0004647","REELFISH FISH AND CHIPS",40.0137327,-105.1328379,2,4.4,729,15.0,1.5,3
"FA0004648","EINSTEIN BROS BAGELS #3631",39.9862901,-105.0979856,1,3.6,383,1.0,1.0,2
"FA0004651","VFW POST 1771",39.9864999,-105.0894674,0,4.4,28,5.0,1.0,1
"FA0004652","FIREHOUSE SUBS",39.986639,-105.0972776,1,4.3,284,10.666666666666666,1.5,3
"FA0004653","PAPA MURPHY'S",39.9872112,-105.1343928,1,4.2,74,18.333333333333332,1.5,3
"FA0004654","JACKLEGGERS MERCANTILE",40.0728334,-105.5068895,2,5,11,20.0,1.0,1
"FA0004659","CHIPOTLE MEXICAN GRILL #2355",39.9863912,-105.0979627,1,3.8,692,10.0,1.0,1
"FA0004661","NAKED LUNCH",40.0154049,-105.2493041,2,4.5,202,25.0,2.3333333333333335,7
"FA0004663","COFFEE BAR MEDTRONIC BOULDER",40.0640238,-105.2155232,2,4,46,4.0,1.0,3
"FA0004668","ORGANIC SANDWICH COMPANY",40.0185276,-105.2752849,2,4.3,252,45.7,3.3333333333333335,10
"FA0004669","SUSHI BOX",40.1917857,-105.1302355,2,4.3,128,38.53846153846154,6.5,13
"FA0004673","AVERY BREWING COMPANY",40.0625885,-105.204763,2,4.6,1743,72.45833333333333,6.0,24
"FA0004683","HYATT PLACE BOULDER",40.0242133,-105.2517848,2,4.3,887,21.625,2.5,8
"FA0004691","CAFE RIO MEXICAN GRILL",40.1529891,-105.0949506,2,4.3,706,9.666666666666666,1.5,3
"FA0004696","BOULDER INDOOR SOCCER",40.02487139999999,-105.2501085,2,4.5,2,18.125,2.6666666666666665,8
"FA0004706","SEEDS LIBRARY CAFE",40.0138604,-105.2815129,2,4.6,211,17.857142857142858,3.5,7
"FA0004707","PRECISION POURS A COFFEE HOUSE",39.9866822,-105.1314461,2,4.9,374,21.0,3.0,3
"FA0004735","SWEET COW",39.9831228,-105.2495361,1,4.8,402,37.75,2.0,4
"FA0004736","FLAVOR OF INDIA",40.1652733,-105.1020279,2,4.3,595,39.714285714285715,3.5,7
"FA0004750","AFC SUSHI (INSIDE SAFEWAY #1667)",40.0169254,-105.1007718,2,5,1,27.0,4.0,4
"FA0004757","FRONT RANGE BREWING CO",39.9854231,-105.0944962,2,4.7,201,50.0,4.0,8
"FA0004761","BOULDER FRESH GARDEN",40.0143121,-105.2626594,2,4.1,18,20.0,2.3333333333333335,7
"FA0004764","MILES SPORTS PUB & GRUB",39.96572310000001,-105.1617432,1,4.5,59,26.571428571428573,3.5,7
"FA0004766","TACOS DON JOSES",40.1983712,-105.1039827,1,4.3,628,33.111111111111114,4.5,9
"FA0004769","OASIS",40.1847151,-105.1020507,1,4.4,330,25.0,4.5,9
"FA0004784","RAKKAN RAMEN",40.0166539,-105.2579263,2,4.5,76,20.2,3.3333333333333335,10
"FA0004787","PIZZA GARAGE THE",40.0251954,-105.2808075,2,4.5,786,26.666666666666668,3.5,9
"FA0004789","300 SUNS BREWING",40.1599201,-105.1012742,2,4.7,422,12.0,2.0,2
"FA0004792","CU ATHLETICS",40.0092353,-105.2679383,2,4.7,7,22.444444444444443,4.0,9
"FA0004816","CROSSCUT PIZZERIA & TAPHOUSE",39.9617314,-105.5102318,2,4.7,1169,26.333333333333332,3.0,6
"FA0004821","BLACKJACK PIZZA",40.1781292,-105.11607,1,3.6,329,25.5,5.0,16
"FA0004834","RATS WOODSHACK (MOBILE)",40.0258297,-105.2432584,2,4.6,2226,60.0,2.5,5
"FA0004835","JAX COFFEE GEAR (MOBILE INSIDE JAX LAFAYETTE OUTDOOR)",39.9898164,-105.0971178,2,4.5,433,10.0,1.0,2
"FA0004836","GOLD'S GYM LONGMONT",40.1463155,-105.1269071,2,3.7,197,3.0,1.0,2
"FA0004837","BOULDER DEPOT ROADHOUSE THE",40.0249157,-105.2510914,2,4.2,1184,90.10714285714286,6.25,28
"FA0004839","VILLAGE AT THE PEAKS (CINEMA)",40.1479309,-105.1273117,1,4.3,1588,16.0,2.0,4
"FA0004841","LOS DOS BROS #1 (MOBILE)",40.0150688,-105.2057818,1,4.6,215,18.0,2.5,5
"FA0004843","KILWINS BOULDER",40.0184772,-105.2764931,2,4.6,355,13.8,2.5,5
"FA0004844","MARCOS PIZZA",40.1472877,-105.1272329,1,4,249,16.333333333333332,4.5,9
"FA0004846","FUZZYS TACO SHOP",40.1479777,-105.1272233,1,4.3,1588,51.0,4.0,8
"FA0004847","TERIYAKI MADNESS 208",40.1473207,-105.1289563,1,3.7,67,32.0,2.5,5
"FA0004848","BAD DADDY'S BURGER BAR",40.1476756,-105.1292531,2,4.3,906,41.4,5.0,10
"FA0004851","CARIBOU ROOM THE",39.9708827,-105.5088785,2,4.8,144,11.0,3.0,3
"FA0004853","LONCHERA LOS PAISAS (MOBILE)",40.03166150000001,-105.2593591,2,4.5,315,61.833333333333336,9.0,18
"FA0004858","MY NEIGHBOR FELIX",40.0173605,-105.2835411,2,4.4,667,66.5,3.3333333333333335,10
"FA0004860","DUNKIN DONUTS #860",40.1529997,-105.095542,1,3.8,467,44.44444444444444,4.5,9
"FA0004866","ABUELITAS EMPANADAS",40.1646462,-105.1021878,2,4.5,28,45.6875,5.333333333333333,16
"FA0004872","MALDOS COFFEE & BOBA",40.164606,-105.1021743,1,4.7,246,6.25,2.0,4
"FA0004879","1914 HOUSE",40.1032911,-105.1727711,2,4.6,388,35.625,4.0,8
"FA0004880","AFC SUSHI @ SAFEWAY #1615",40.0353313,-105.2602617,2,3.9,1259,15.0,1.0,2
"FA0004883","ARCANA RESTAURANT",40.0163804,-105.2832568,3,4.6,431,47.857142857142854,3.5,7
"FA0004884","POTBELLY SANDWICH SHOP",40.0168907,-105.2563178,1,4,164,16.666666666666668,1.5,3
"FA0004885","PARRYS PIZZA VI",40.1473207,-105.1289563,2,4.2,640,20.0,3.5,7
"FA0004906","AFC SUSHI @ SAFEWAY #2910",40.1880332,-105.1293675,2,4,826,5.0,1.0,1
"FA0004907","AFC SUSHI @ SAFEWAY #1116",40.1529514,-105.1104554,2,3.9,1070,16.666666666666668,1.5,3
"FA0004908","AFC SUSHI @ SAFEWAY #2919",40.0001973,-105.040687,2,4.2,603,5.0,1.0,1
"FA0004910","BASECAMP HOTEL",40.0137568,-105.2684682,2,4,376,18.0,2.5,5
"FA0004936","COSMOS PIZZA",39.9865489,-105.0967752,2,4.4,205,20.0,3.0,6
"FA0004941","PICAS MEXICAN TAQUERIA LOUISVILLE",39.9789002,-105.1311492,2,4.4,623,36.875,4.0,8
"FA0004949","GEORGIA BOY BBQ (MOBILE)",40.1641833,-105.0974375,2,4.5,1924,60.0,4.0,8
"FA0004951","JEANNOTS PATISSERIE & BISTRO",40.013305,-105.1322911,2,5,77,15.25,2.0,4
"FA0004954","RAYBACK COLLECTIVE",40.0295306,-105.2594038,1,4.6,2226,3.5,2.0,4
"FA0004960","CULVER'S OF LONGMONT",40.1488733,-105.1306839,1,4.4,1541,15.333333333333334,3.0,6
"FA0004964","MOTHERLODE CAFE",40.0717955,-105.2064543,2,4.1,336,73.0,8.0,8
"FA0004967","LA FAMILIA (MOBILE)",40.025388,-105.2377392,0,4.7,59,56.22222222222222,4.5,9
"FA0004969","JUICE BEE THE",40.0171379,-105.2817021,2,3.5,28,10.5,2.0,4
"FA0004975","OZO COFFEE LONGMONT",40.1473207,-105.1289563,1,4.6,523,27.5,3.0,6
"FA0004976","JIMMY JOHNS",39.9607009,-105.1641366,1,3.7,114,30.0,3.0,6
"FA0004977","STARBUCKS COFFEE#5306",40.15287989999999,-105.1067326,2,4.2,408,1.0,1.0,1
"FA0004982","OUR CENTER",40.1630974,-105.0976659,2,4.2,324,34.166666666666664,3.0,6
"FA0004983","LEVY IPF 1 (MOBILE)",40.0091912,-105.2669142,0,3.8,5,15.0,1.0,2
"FA0004989","INSOMNIA COOKIES",40.0088426,-105.2763961,2,4.2,157,20.0,3.0,6
"FA0004995","PEARL STREET GRILL (COMMISSARY)",40.026162,-105.2427945,2,4.3,8,24.0,6.0,6
"FA0004996","MOD PIZZA",39.9604539,-105.164314,1,4.7,733,13.666666666666666,1.5,3
"FA0005003","COMMUNITY",39.996652,-105.090221,2,4.6,929,49.07692307692308,4.333333333333333,13
"FA0005008","MAD GREENS",39.9608777,-105.1642774,2,4.2,297,56.666666666666664,3.0,6
"FA0005010","ARBYS #5009032",40.00424719999999,-105.1020964,1,3.9,535,18.333333333333332,1.5,3
"FA0005012","WONDER PRESS COMMISSARY",40.018223,-105.226383,2,4.4,279,25.0,5.0,5
"FA0005013","DICKEYS BARBECUE PIT",40.1932924,-105.1033178,2,4.2,495,39.0,6.0,6
"FA0005021","LE FRIGO",40.0137711,-105.2278653,2,4.9,164,17.0,3.0,3
"FA0005022","PROTOS PIZZA",40.0722129,-105.1993634,2,4.5,273,6.0,4.0,4
"FA0005025","FRESH THYMES MARKETPLACE",40.0270674,-105.2575251,0,4.4,17,13.333333333333334,1.5,3
"FA0005028","LEFT HAND BREWING CO",40.1582861,-105.1150233,1,4.7,856,17.0,4.0,4
"FA0005030","SPRUCE CAFE",40.0248318,-105.2426089,2,4.3,90,21.0,6.0,6
"FA0005033","STARBUCKS COFFEE #47385",39.9556568,-105.1651615,2,4.3,357,1.0,1.0,1
"FA0005038","AMANTE WALNUT II",40.0168576,-105.2817478,1,4.4,177,53.46153846153846,6.5,13
"FA0005050","(CU) VILLAGE CENTER THE GRANGE (GRILLE)",39.9979788,-105.2524055,2,3.9,28,8.0,1.0,2
"FA0005062","WILLIAM OLIVERS PUBLICK HOUSE",39.999373,-105.0908376,2,4.5,910,22.0,3.0,3
"FA0005063","FIREHOUSE SUBS",39.9556568,-105.1651615,1,4.3,153,2.0,4.0,4
"FA0005066","FAIRWAYS GOLF",39.9527344,-105.158882,2,4.5,340,4.0,1.5,4
"FA0005067","PHO HUONG VIET",40.1476325,-105.1295059,2,4.2,477,60.0,8.0,8
"FA0005073","KU CHA TEA",40.0180634,-105.2798224,2,4.6,422,7.0,3.0,3
"FA0005081","COUSINS KITCHENS (MOBILE)",39.9881389,-105.1088567,3,4.5,903,40.0,3.0,3
"FA0005083","AREPA JOINT THE (MOBILE)",40.025388,-105.2377392,0,3.6,42,25.0,2.0,2
"FA0005084","RAPHA RACING",40.0199041,-105.2716584,2,4.6,65,25.333333333333332,3.0,6
"FA0005088","AFC SUSHI @ SAFEWAY #2911",40.0133197,-105.2596624,2,3.9,685,20.0,2.0,4
"FA0005097","FAROW",40.1013599,-105.1687535,2,4.5,68,25.0,2.0,2
"FA0005100","ROCKY MOUNTAIN TAP & GARDEN",39.98060359999999,-105.1289563,2,4.5,79,25.0,3.0,3
"FA0005101","CHOCOLATERIE STAM",39.9983946,-105.0906777,2,4.9,317,10.0,1.0,1
"FA0005127","PASSPORT FOOD TRUCK",39.9983767,-105.2539852,0,4.9,63,20.0,1.0,1
"FA0005130","AMPERSAND COFFEE ROASTER",40.0732478,-105.2009287,2,4.9,258,7.5,1.0,2
"FA0005143","LONGS PEAK HOSPITAL",40.162172,-105.058116,2,3.3,223,43.0,6.0,6
"FA0005151","APERITIVO",40.0748878,-105.2020666,2,4.4,230,81.53333333333333,7.5,15
"FA0005162","BARTACO",40.0171028,-105.2821569,2,4.4,1106,50.0,4.0,4
"FA0005172","SOL COFFEE (MOBILE)",40.1671014,-105.1028936,2,4.3,416,5.5,1.0,2
"FA0005180","RAISING CANES",40.14743139999999,-105.1303198,1,4.2,486,48.0,7.0,7
"FA0005182","MCDEVITT TACO SUPPLY",39.9980269,-105.2328968,2,4.6,402,22.5,2.0,4
"FA0005191","CHEBA HUT LONGMONT",40.1702439,-105.1030099,1,4.6,1274,10.0,1.0,1
"FA0005194","ND STREETBAR",40.1474598,-105.1295603,2,4.3,425,35.0,8.0,8
"FA0005195","ZIGGIS COFFEE",39.9799804,-105.129013,1,4.3,101,37.0,3.0,3
"FA0005196","LONGMONT PUBLIC HOUSE",40.178069,-105.1170238,2,4.4,755,62.0,6.0,6
"FA0005198","GUCKENHEIMER@ ALTITUDE CAFE",40.0216013,-105.2545612,2,5,5,21.0,3.0,3
"FA0005208","VEGETABLE EXPRESS THE (MOBILE)",39.9613759,-105.5108312,2,5,16,5.0,1.0,1
"FA0005212","EMBASSY SUITES BOULDER",40.0181589,-105.2601158,2,3.4,8,5.0,1.0,1
"FA0005226","ACREAGE STEM CIDER",39.9858662,-105.0946531,2,4.4,1576,5.0,2.0,2
"FA0005227","BENTO RIA SUSHI & POKE",40.0071271,-105.2759509,1,4.7,231,55.0,4.0,4
"FA0005232","VERDE",39.9766071,-105.1318801,2,4.4,534,69.27272727272727,5.5,11
"FA0005246","TACOS LA FAMILIA #1 (MOBILE)",40.1517016,-105.1277685,2,4.4,9,69.0,7.0,7
"FA0005251","GURKHAS RESTAURANT",40.1430897,-105.1312177,2,4.5,785,24.0,6.0,6
"FA0005256","MCDEVITT TACO SUPPLY (MOBILE)",39.9980269,-105.2328968,2,4.6,402,10.0,2.0,2
"FA0005267","LAS DELICIAS (INSIDE SAVE-A-LOT)",40.1909584,-105.1008524,2,4,298,64.72727272727273,5.5,11
"FA0005271","SUMO SUSHI & GRILL",40.1519696,-105.0969915,2,4.6,915,45.666666666666664,6.0,12
"FA0005279","VOLCAN AZUL (MOBILE)",40.1692156,-105.1034823,1,4.4,1110,51.0,5.0,5
"FA0005280","TACO BELL",40.1525312,-105.0916115,1,3.2,647,1.0,1.0,1
"FA0005285","GREAT OUTDOORS WATER PARK THE",39.9863975,-105.0846261,0,3.9,34,20.0,2.0,2
"FA0005295","RED GARDEN RESTAURANT &  BREWING",39.9654248,-105.1168962,2,4.7,176,35.0,2.0,2
"FA0005299","GROWING GARDENS",40.0342053,-105.2759756,2,4.2,21,1.0,1.0,1
"FA0005308","SEBS PIZZAS (MOBILE)",39.9745169,-105.0726392,2,4.3,12,40.0,3.0,6
"FA0005319","LA GARNACHA (MOBILE)",40.18535079999999,-105.103147,2,4,3,16.0,2.0,4
"FA0005329","A TAKEAR (MOBILE)",40.0284999,-105.254269,2,3.6,15,65.0,9.0,9
"FA0005345","HOLY CREPE (MOBILE)",40.0139508,-105.2782063,2,4.9,69,10.0,1.0,1
"FA0005346","LONGMONT YOUTH CENTER",40.177251,-105.0879373,2,5,6,30.0,2.0,2
"FA0005381","RAGLIN MARKET",40.07221250000001,-105.1993223,2,4.3,113,25.0,5.0,5
"FA0005384","OSAKAS RESTAURANT",40.0168709,-105.26276,1,4.8,464,55.0,4.0,4
"FA0005386","COLORADO FRIED CHICKEN COMPANY (MOBILE)",40.0163804,-105.2832568,2,4.5,876,5.0,1.0,1
"FA0005390","LA VITA BELLA CAFE",40.1671014,-105.1028936,1,4.6,437,22.5,3.0,6
"FA0005391","SCROOGE MAKI 1 (MOBILE)",40.0075099,-105.2764136,2,4.3,183,15.0,2.0,2
"FA0005405","HIGHLAND CITY CLUB",40.01337770000001,-105.2841223,2,4.5,43,15.0,2.0,2
"FA0005406","BABETTES",40.1346269,-105.103284,2,4.3,291,25.0,3.0,3
"FA0005408","SIMPLE GREEK #46 THE",39.9865489,-105.0967752,1,4.1,322,21.666666666666668,1.5,3
"FA0005418","POPEYES #425",40.1966164,-105.1010002,1,3.3,576,15.0,3.0,3
"FA0005422","NO QUE NO (MOBILE)",40.025388,-105.2377392,2,5,5,80.0,7.0,7
"FA0005425","IZOTE LATIN FOOD #3 (MOBILE)",40.026162,-105.2427945,2,5,3,40.0,3.0,3
"FA0005440","BREW",39.9910066,-105.090221,1,4.8,486,25.0,1.0,1
"FA0005449","WHOLE SOL BLEND BAR",40.01820439999999,-105.2766922,2,4.1,242,30.0,4.0,4
"FA0005472","COMA MEXICAN GRILL",39.9980269,-105.2328968,2,4.5,177,10.0,1.0,1
"FA0005494","ROSATIS CHICAGO PIZZA",39.9803249,-105.1284121,2,4.5,924,15.0,2.0,2
"FA0005506","SCRATCH (INSIDE 300 SUNS BREWING)",40.1599201,-105.1012742,2,4.7,422,15.0,3.0,3
"FA0005510","CROSSING NUTRITION THE",39.985591,-105.096899,2,4.9,63,15.0,2.0,2
